,술이름,이미지갯수
414,에델 스위트와인,17
415,여포의 꿈 (화이트),18
416,여포의 꿈 레드(Dry),36
417,연오랑탁주,6
418,연천 연주,3
419,연천 우주,11
420,영일만친구 막걸리,14
421,예담은 한산원조소곡주,35
422,예밀와인 레드,23
423,예밀와인 로제,10
424,예술주조 `무작`,18
425,예주,1
426,예천주복 만월40,23
427,예화,1
428,옛날막걸리 古,16
429,오 마이 갓,1
430,오가피와인,10
431,오계리 아이스와인,2
432,오곡 진상주,8
433,오디랑,19
434,오디아락40,14
435,오디여라,3
436,오매락 25도,13
437,오매락 40도,15
438,오매락퍽,37
439,오매백주,27
440,오메기 맑은술,32
441,오메기술,22
442,오미로제 스파클링 와인,11
443,오미로제 연,27
444,오미로제 프리미어와인,15
445,오미시앙 스페셜,3
446,오미자 생막걸리,28
447,오산막걸리,32
448,오크와인,3
449,오희 스파클링 막걸리,36
450,왕매실 막걸리,7
451,왕율주,15
452,왕피천을 품은 미소생막걸리,8
453,요새로제,36
454,우도 땅콩 전통주,29
455,우렁이쌀 손 막걸리,18
456,우렁이쌀 손막걸리 DRY,32
457,우리밀 막걸리 향수,28
458,울금생막걸리 정,10
459,원매,25
460,원매 프리미엄,28
461,월매 쌀막걸리(캔),25
462,위 (we)레드 (2018)와인,19
463,유기농 이도 32,27
464,유기농 이도 42,21
465,유자향주,25
466,육십일도,3
467,율무 동동주,21
468,은자골 생 탁배기,29
469,의림소주,7
470,이동 생 쌀 막걸리,9
471,이상헌 소주,26
472,이상헌 약주,32
473,이천쌀생막걸리,7
474,이화백주 순탁주,40
475,이화주,7
476,인사이더 블루베리,22
477,인생막걸리,32
478,인어교주해적술,43
479,인천 생 소성주,22
480,일엽편주,24
481,일지춘,19
482,입술,1
483,입장탁주,21
484,자두와인,7
485,자연담은 복분자막걸리,37
486,자연송이주,10
487,자희향,21
488,자희향 국화주,30
489,자희향 나비,20
490,장수 생막걸리,24
491,장수 오미자주,37
492,장수홍삼주,2
493,장홍삼 장수 막걸리,39
494,정감생막걸리,6
495,"정고집 나주배 약주 9%, 15%",56
496,제주감귤주 귤로만,9
497,제주낭만,7
498,제주술익는집 고소리술,34
499,젤코바 스페셜와인,30
500,젤코바 캠벨와인,8
501,젤코바 프리미엄 와인,25
502,조선주조사,24
503,주교주,25
504,주몽복분자주,18
505,주산지 막걸리,17
506,주향담을 25도,9
507,주향담을 41도,16
508,주향담을 41도 프리미엄,14
509,주향아라,2
510,주홍춘,32
511,죽력고,34
512,죽향 생 막걸리,9
513,줄포 생막걸리,35
514,지란지교 무화과 탁주,25
515,지란지교 약주,39
516,지리산 강쇠,34
517,지리산 허브잎술 쌀 막걸리,3
518,지장수 호박 생 막걸리,24
519,지장수 호박막걸리,11
520,지평 생 쌀막걸리,32
521,지평 생 옛막걸리,6
522,지평 이랑이랑,27
523,진도홍주 루비콘,33
524,진도홍주 아라리,8
525,"진도홍주, 만홍",5
526,진맥 소주,29
527,진맥소주 22%,23
528,진심홍삼인삼주 19%,25
529,진심홍삼인삼주 38%,24
530,진쾌남,21
531,징기스칸,1
532,찹쌀 생막걸리 12도,5
533,찹쌀생막걸리 9도,4
534,천마이야기 막걸리,25
535,천매,5
536,천비향 오양주 약주,26
537,천비향 오양주 탁주,28
538,천비향 화주,25
539,천안연미주,21
540,천지향 증류주,32
541,청명주,12
542,청명주 750,16
543,청세주,21
544,청양둔송구기주,38
545,청진주,14
546,초련 주정강화 와인,10
547,초선의 꿈,23
548,추사 로제,24
549,추사 블루베리 와인,22
550,추사 애플와인,31
551,추사40,42
552,추사47,28
553,추사백25,29
554,추사백40 사과 증류식 소주,31
555,커피냑,4
556,커피와인 톡시,1
557,코이버펑크,17
558,쿨샷 7.5,51
559,키위술,21
560,타락40,35
561,타미앙스,8
562,토끼 소주,21
563,토끼구름,3
564,톡 한잔 소주,7
565,톡쏘는 고구마동동,22
566,톡쏘는 쌀 막걸리,22
567,톡쏘는 알밤동동,24
568,톡쏘는 옥수수동동,52
569,티나(TINA),38
570,팔공산미나리 생막걸리,37
571,팔팔막걸리,37
572,편백숲 산소막걸리,9
573,편백숲 산소막걸리 딸기 스파클링,24
574,편백숲 산소막걸리 순수령,22
575,편백숲 산소막걸리 순수령 8%,26
576,편백숲 산소막걸리 스파클링,39
577,포엠 로제와인,26
578,포엠 화이트와인,38
579,풍정사계 추(秋),26
580,프리미엄 애플와인 한스오차드,29
581,필,18
582,하얀까마귀,27
583,하얀연꽃 백련막걸리,15
584,하얀연꽃 백련맑은 술,19
585,하얀연꽃 백련생막걸리,28
586,하향주,10
587,하향주 호리병,8
588,한강의설레임,2
589,한비 동충하초술,27
590,한비 무병장수술,21
591,한비 쌀소주,25
592,한비 오가피술,36
593,한비 유자술,43
594,한비오가피술골드,23
595,한산 소곡주 1.8L,8
596,한산 소곡화주,10
597,한산소곡주,3
598,한산예담은 한산소곡화주,12
599,한스오차드 사과와인,27
600,한주,5
601,행운 생유자 동동주,4
602,허니문,1
603,허니비,1
604,헤베,1
605,호담 300ml,12
606,호담 산양산삼 막걸리,26
607,호두땅콩막걸리,13
608,호랑이 생 막걸리,27
609,호랑이배꼽,12
610,호모루덴스,1
611,혼,3
612,홍삼명주 - 375ml,32
613,홍삼명주 - 750ml,11
614,홍시와인,9
615,홍천강 탁주,36
616,"화요 41%, 25%, 17%",47
617,화주,6
618,황감찰,10
619,황도배기 햅쌀막걸리,2
620,황진이주,28
