,전통주이름,상품명,가격
0,1000억 유산균 막걸리,1000억 유산균막걸리,"￦3,200 (가격은 판매처 별로 상이할 수 있습니다)"
1,1932 새싹땅콩+햅쌀/흑미,1932 새싹땅콩 흑미막걸리,"500ml-￦15,000(병제품), 
                                        900ml-￦20,000(PET제품)(가격은 판매처 별로 상이할 수 있습니다.)"
2,2017년 햅쌀로 빚은 첫술,국순당 2010 첫술,"500ml-￦15,000(병제품), 
                                        900ml-￦20,000(PET제품)(가격은 판매처 별로 상이할 수 있습니다.)"
3,52C,,
4,DOK막걸리,걍즐겨,"￦6,000 (가격은 판매처 별로 상이할 수 있습니다)"
5,G12 골디락스,,
6,SSOA-포도,,
7,The 찾을수록,The 찾을수록 시리즈,"￦9,000(360ml*6병)(가격은 판매처 별로 상이할 수 있습니다.)"
8,가야 프리미엄 막걸리,배다리 프리미엄 막걸리,"￦9,000(360ml*6병)(가격은 판매처 별로 상이할 수 있습니다.)"
9,가야곡왕주,가야곡 왕주,"￦9,000(360ml*6병)(가격은 판매처 별로 상이할 수 있습니다.)"
10,가평 잣 생막걸리,가평잣 생 막걸리,"￦9,000(360ml*6병)(가격은 판매처 별로 상이할 수 있습니다.)"
11,각시탈,각시탈,"￦9,000(360ml*6병)(가격은 판매처 별로 상이할 수 있습니다.)"
12,감그린 레귤러,감그린 레귤러,"￦18,000(가격은 판매처 별로 상이할 수 있습니다.)"
13,감그린 스페셜,감그린 스페셜,"￦25,000(가격은 판매처 별로 상이할 수 있습니다.)"
14,감그린 아이스와인,감그린 아이스와인,"￦89,000(가격은 판매처 별로 상이할 수 있습니다.)"
15,감사,감사,"￦89,000(가격은 판매처 별로 상이할 수 있습니다.)"
16,감사블루,(주)블루멈,"￦89,000(가격은 판매처 별로 상이할 수 있습니다.)"
17,감아락 25,감아락 25도,"￦26,000(가격은 판매처 별로 상이할 수 있습니다.)"
18,감악산 산머루주,파주 감악산 머루,"￦26,000(가격은 판매처 별로 상이할 수 있습니다.)"
19,감이슬,감이슬,"￦10,000 (가격은 판매처 별로 상이할 수 있습니다)"
20,감자술 13%,감자술 13%,"￦14,000 (가격은 판매처 별로 상이할 수 있습니다)"
21,강소주,강소주,"￦11,000(1,800ml)(가격은 판매처 별로 상이할 수 있습니다.)"
22,걍즐겨,걍즐겨,"￦6,000 (가격은 판매처 별로 상이할 수 있습니다)"
23,겨울소주 25,겨울소주 25,"￦10,000 (가격은 판매처 별로 상이할 수 있습니다)"
24,경기전,전주경기전,"￦10,000 (가격은 판매처 별로 상이할 수 있습니다)"
25,경산대추약주 추,,
26,경성과하주,특산물,"￦10,000 (가격은 판매처 별로 상이할 수 있습니다)"
27,경주교동법주,경주교동법주,"￦10,000 (가격은 판매처 별로 상이할 수 있습니다)"
28,계룡백일주 40%,계룡백일주 12년,"￦150,000(가격은 판매처 별로 상이할 수 있습니다.)"
29,계룡산 산삼주 금수강산 21%,계룡산 산삼주 금수강산 21%,"￦110,000(가격은 판매처 별로 상이할 수 있습니다.)"
30,계룡산 산삼주 금수강산 40%,계룡산 산삼주 금수강산 40%,"￦150,000(가격은 판매처 별로 상이할 수 있습니다.)"
31,고도리 레드와인 스위트,고도리 레드와인 스위트,"￦22,000(가격은 판매처 별로 상이할 수 있습니다.)"
32,고도리 로제와인,로제 와인,"￦22,000(가격은 판매처 별로 상이할 수 있습니다.)"
33,고도리 복숭아와인,고도리 복숭아와인,"￦32,000(가격은 판매처 별로 상이할 수 있습니다.)"
34,고도리 샤인머스캣 화이트와인,고도리 화이트와인 드라이,"￦22,000(가격은 판매처 별로 상이할 수 있습니다.)"
35,고도리 아이스와인(아이스 375),,
36,고도리 징기스칸 브랜디,,
37,고도리 청수 와인,고도리 복숭아와인,"￦32,000(가격은 판매처 별로 상이할 수 있습니다.)"
38,고도리 화이트와인 드라이,고도리 화이트와인 드라이,"￦22,000(가격은 판매처 별로 상이할 수 있습니다.)"
39,고도리 화이트와인 스위트,고도리 화이트와인 스위트,"￦22,000(가격은 판매처 별로 상이할 수 있습니다.)"
40,고소리술,제주 고소리술,"￦45,000(가격은 판매처 별로 상이할 수 있습니다.)"
41,고운달 백자,고운달 백자,"￦360,000(500ml), ￦180,000(200ml)(가격은 판매처 별로 상이할 수 있습니다.)"
42,고운달 오크,고운달 오크,"￦360,000(500ml), ￦180,000(200ml)(가격은 판매처 별로 상이할 수 있습니다.)"
43,고창선운산 땡큐복분자주,고창선운산 땡큐복분자주,"￦50,000(300ml*20병)(가격은 판매처 별로 상이할 수 있습니다.)"
44,고창선운산 땡큐블루베리주,고창선운산 땡큐블루베리주,"￦60,000(300ml*20병)(가격은 판매처 별로 상이할 수 있습니다.)"
45,고창선운산 복분자주 특1호,고창선운산 복분자주 특1호,"￦27,000(가격은 판매처 별로 상이할 수 있습니다.)"
46,고향생막걸리,,
47,고향인삼막걸리,강화 고향 인삼 막걸리,"￦27,000(가격은 판매처 별로 상이할 수 있습니다.)"
48,고흥유자주 봄에디션,,
49,곤드레생막걸리,정선명주 생막걸리 곤드레,"￦27,000(가격은 판매처 별로 상이할 수 있습니다.)"
50,공주알밤 왕밤주,공주알밤축제,"￦27,000(가격은 판매처 별로 상이할 수 있습니다.)"
51,공주애 오디와인,공주애 오디와인,"￦6,000(가격은 판매처 별로 상이할 수 있습니다.)"
52,과천미주,호놀룰루 대한민국총영사관,"￦6,000(가격은 판매처 별로 상이할 수 있습니다.)"
53,과하주23,김천 과하주 23도,"￦22,000(가격은 판매처 별로 상이할 수 있습니다.)"
54,관악산생막걸리,,
55,광양 생 막걸리,매실 막걸리,"￦3,500(가격은 판매처 별로 상이할 수 있습니다.)"
56,광양 생 막걸리 골드,포천 생 쌀막걸리 GOLD,"￦3,500(가격은 판매처 별로 상이할 수 있습니다.)"
57,괴산 세종 찰옥수수 전통주,괴산 산막이시장,"￦3,500(가격은 판매처 별로 상이할 수 있습니다.)"
58,구기홍주 14,구기홍주 14,"360ml ￦10,000, 
                                        750ml ￦16,000 (가격은 판매처 별로 상이할 수 있습니다)"
59,구름을 벗삼아,구름을 벗삼아,"￦1,500 (가격은 판매처별로 상이할 수 있습니다.)"
60,구암대추막걸리,구암 대추막걸리,"￦1,500 (가격은 판매처별로 상이할 수 있습니다.)"
61,국순당 생막걸리 대박,국순당 생막걸리,"￦1,500 (가격은 판매처별로 상이할 수 있습니다.)"
62,국순당 이화주,이화주 요구르트 칵테일,"￦1,500 (가격은 판매처별로 상이할 수 있습니다.)"
63,귀감,귀감,"￦1,500 (가격은 판매처별로 상이할 수 있습니다.)"
64,그랑꼬또 M56,그랑꼬또 M56,"￦21,000(가격은 판매처 별로 상이할 수 있습니다.)"
65,그랑꼬또 레드와인,그랑꼬또 레드와인,"￦35,000 (가격은 판매처 별로 상이할 수 있습니다)"
66,그랑꼬또 로제와인,그랑꼬또 로제와인,"￦21,000(가격은 판매처 별로 상이할 수 있습니다.)"
67,그랑꼬또 청수,그랑꼬또 청수,"￦60,000(가격은 판매처 별로 상이할 수 있습니다.)"
68,그랑티그르 CE2002,그랑티그르CE2002,"￦40,000 (가격은 판매처 별로 상이할 수 있습니다)"
69,그랑티그르 M1988,그랑티그르M1988,"￦40,000 (가격은 판매처 별로 상이할 수 있습니다)"
70,그리움,그리움,"￦40,000 (가격은 판매처 별로 상이할 수 있습니다)"
71,금과 명주,금과의 대외관계와 바다,"￦40,000 (가격은 판매처 별로 상이할 수 있습니다)"
72,금산인삼백주,금산 인삼백주,"￦40,000 (가격은 판매처 별로 상이할 수 있습니다)"
73,금산인삼주 12.5%,금산인삼주,"￦12,000(375ml*3병)(가격은 판매처 별로 상이할 수 있습니다.)"
74,금산인삼주 수삼 500,금산인삼주 수삼단본 720ml 23도 ,"￦32,000(가격은 판매처 별로 상이할 수 있습니다.)"
75,금설,금설,"￦32,000(가격은 판매처 별로 상이할 수 있습니다.)"
76,금정산성막걸리,금정산성 막걸리,"￦19,000(750ml*10병)(가격은 판매처 별로 상이할 수 있습니다.)"
77,금풍양조,,
78,금휘,금휘,"￦19,000(750ml*10병)(가격은 판매처 별로 상이할 수 있습니다.)"
79,기다림 16,기다림 16,"￦11,000 (가격은 판매처 별로 상이할 수 있습니다)"
80,기다림 25,기다림 25,"￦9,900 (가격은 판매처 별로 상이할 수 있습니다)"
81,기다림 34,기다림 34,"￦15,000 (가격은 판매처 별로 상이할 수 있습니다)"
82,기다림 맑은술,기다림 맑은술,"￦25,000 (가격은 판매처 별로 상이할 수 있습니다)"
83,김수한무,,
84,김포 막걸리,김포 막걸리,"￦1,200(가격은 판매처 별로 상이할 수 있습니다.)"
85,김포별주,김포별주,"￦4,000(가격은 판매처 별로 상이할 수 있습니다.)"
86,김포약주,김포약주 PET,"￦9,000(가격은 판매처 별로 상이할 수 있습니다.)"
87,김포예주,김포예주 프리미엄,"￦15,000(가격은 판매처 별로 상이할 수 있습니다.)"
88,김포예주 프리미엄,김포예주 프리미엄,"￦15,000(가격은 판매처 별로 상이할 수 있습니다.)"
89,김포특주,김포특주,"￦3,000(가격은 판매처 별로 상이할 수 있습니다.)"
90,까메오 막걸리,까메오 막걸리,"￦5,000 (가격은 판매처 별로 상이할 수 있습니다.)"
91,꽃 와인,사쿠라 와인,"58,000원 (판매처별로 가격이 다를 수 있습니다.)"
92,꿀막걸리,청산녹수 꿀막걸리,"￦18,000(750ml*12병 세트)(가격은 판매처 별로 상이할 수 있습니다.)"
93,꿀샘 16,꽃안꿀샘,"￦18,000(750ml*12병 세트)(가격은 판매처 별로 상이할 수 있습니다.)"
94,끌로너와 스위트와인,스위트 와인,"￦18,000(750ml*12병 세트)(가격은 판매처 별로 상이할 수 있습니다.)"
95,나 와인,,
96,나루 생 막걸리 11.5도,,
97,나루 생 막걸리 6도,해창 생막걸리 6도,"￦3,000 (가격은 판매처 별로 상이할 수 있습니다.)"
98,남산애 레드와인,남산애 레드와인,"￦45,000 (가격은 판매처 별로 상이할 수 있습니다)"
99,남산애 포트와인,남산애 포트와인,"￦55,000 (가격은 판매처 별로 상이할 수 있습니다)"
100,남한산성소주,광주남한산성소주,"￦55,000 (가격은 판매처 별로 상이할 수 있습니다)"
101,내장산 복분자주 지통1호,내장산 복분자주 지통1호,"￦18,000 (가격은 판매처 별로 상이할 수 있습니다.)"
102,냥이탁주 9도,해창 생막걸리 9도,"￦6,000 (가격은 판매처 별로 상이할 수 있습니다.)"
103,냥이탁주 fresh,홍천강 탁주,"￦10,000 (가격은 판매처 별로 상이할 수 있습니다.)"
104,너와머루와인,너와셰프 머루와인발효 식초음료,"￦10,000 (가격은 판매처 별로 상이할 수 있습니다.)"
105,노미,,
106,녹고의 눈물,녹고의 눈물,"￦23,000(가격은 판매처 별로 상이할 수 있습니다.)"
107,녹천 소곡화주 480ml,녹천 소곡화주 480ml,"￦45,000(가격은 판매처 별로 상이할 수 있습니다.)"
108,녹천 소곡화주 500ml,녹천 소곡화주 500ml,"￦22,000(가격은 판매처 별로 상이할 수 있습니다.)"
109,녹파주,녹파주,"￦35,000(가격은 판매처 별로 상이할 수 있습니다.)"
110,느낌 19.8,느낌 19.8,"￦4,000 (가격은 판매처 별로 상이할 수 있습니다)"
111,느낌 30,느낌 30,"￦6,500 (가격은 판매처 별로 상이할 수 있습니다)"
112,느린마을 막걸리,느린마을 막걸리,"￦2,300 (가격은 판매처 별로 상이할 수 있습니다.)"
113,느린마을 약주,느린마을 막걸리,"￦2,300 (가격은 판매처 별로 상이할 수 있습니다.)"
114,느린마을 증류주,느린마을양조장 청송양원,"￦2,300 (가격은 판매처 별로 상이할 수 있습니다.)"
115,느린마을소주21,진맥소주 22%,"￦22,000 (가격은 판매처 별로 상이할 수 있습니다)"
116,능이주,능이주,"￦12,000(가격은 판매처 별로 상이할 수 있습니다.)"
117,니모메,니모메,"￦36,000(375ml*3병)(가격은 판매처 별로 상이할 수 있습니다.)"
118,님 그리다,님그려 겨오든 잠에,"￦36,000(375ml*3병)(가격은 판매처 별로 상이할 수 있습니다.)"
119,다래와인 3004,다래와인 3004,"￦10,000(가격은 판매처 별로 상이할 수 있습니다.)"
120,다래와인 7004D,다래와인 7004D,"￦28,000(가격은 판매처 별로 상이할 수 있습니다.)"
121,다래와인 7004S,다래와인 7004S,"￦18,000(가격은 판매처 별로 상이할 수 있습니다.)"
122,다랭이팜 생막걸리,다랭이팜 유자 막걸리,"￦4,000 (가격은 판매처 별로 상이할 수 있습니다.)"
123,다랭이팜 유자 막걸리,다랭이팜 유자 막걸리,"￦4,000 (가격은 판매처 별로 상이할 수 있습니다.)"
124,달 1614 스위트와인,전문용어,"￦4,000 (가격은 판매처 별로 상이할 수 있습니다.)"
125,달홀진주25,향양리,"￦4,000 (가격은 판매처 별로 상이할 수 있습니다.)"
126,달홀진주40,진주의 교통,"￦4,000 (가격은 판매처 별로 상이할 수 있습니다.)"
127,담솔,담솔,"￦22,000 (가격은 판매처 별로 상이할 수 있습니다.)"
128,담양 죽력고,담양 죽력고,"￦13,000 (가격은 판매처 별로 상이할 수 있습니다)"
129,담은,담은,"￦15,000(가격은 판매처 별로 상이할 수 있습니다.)"
130,당당하리,작시견지,"￦15,000(가격은 판매처 별로 상이할 수 있습니다.)"
131,대관람차,대관람차,"￦15,000(가격은 판매처 별로 상이할 수 있습니다.)"
132,대관령 복분자주,대관령 복분자주,"￦13,000(가격은 판매처 별로 상이할 수 있습니다.)"
133,대대포 막걸리,전라 · 광주 지역 술,"￦13,000(가격은 판매처 별로 상이할 수 있습니다.)"
134,대윤 가야곡 왕주,대윤 가야곡 왕주,"￦4,000(가격은 판매처 별로 상이할 수 있습니다.)"
135,대잎술,대잎술,"￦4,000(가격은 판매처 별로 상이할 수 있습니다.)"
136,대장부23,광명 이원익 친필유묵,"￦4,000(가격은 판매처 별로 상이할 수 있습니다.)"
137,대통대잎술,대잎술,"￦4,000(가격은 판매처 별로 상이할 수 있습니다.)"
138,대통주,죽통주,"￦4,000(가격은 판매처 별로 상이할 수 있습니다.)"
139,도구막걸리,영일만친구 막걸리,"￦15,000(750ml*9병)(가격은 판매처 별로 상이할 수 있습니다)"
140,도깨비술 11,도깨비술 7%,"￦8,000 (가격은 판매처 별로 상이할 수 있습니다)"
141,도깨비술 7,도깨비술 7%,"￦8,000 (가격은 판매처 별로 상이할 수 있습니다)"
142,도깨비술 9,도깨비술 9%,"￦10,000 (가격은 판매처 별로 상이할 수 있습니다)"
143,도로시 머루주,도로시 머루주,"￦25,000 (가격은 판매처 별로 상이할 수 있습니다)"
144,도문대작 생막걸리,도문대작 생막걸리,"￦3,000(가격은 판매처 별로 상이할 수 있습니다.)"
145,도원결의,도원결의,"￦3,000(가격은 판매처 별로 상이할 수 있습니다.)"
146,독산 53,독산 53,"￦25,000 (가격은 판매처 별로 상이할 수 있습니다)"
147,동강더덕주,동강더덕주,"￦3,500(가격은 판매처 별로 상이할 수 있습니다.)"
148,동래아들,동래 정씨,"￦3,500(가격은 판매처 별로 상이할 수 있습니다.)"
149,동몽,동몽,"￦30,000 (가격은 판매처 별로 상이할 수 있습니다.)"
150,"동백꽃, 제주",,
151,동백우리쌀생막걸리,쌀 생막걸리(우리쌀 생막걸리),"￦30,000 (가격은 판매처 별로 상이할 수 있습니다.)"
152,동정춘,동정춘,"￦18,000(가격은 판매처 별로 상이할 수 있습니다.)"
153,동짓달 기나긴 밤,동짓달 기나긴 밤을,"￦18,000(가격은 판매처 별로 상이할 수 있습니다.)"
154,동학 1957,동학 1957,"375ml ￦3,500, 
                                        700ml ￦7,200 (가격은 판매처 별로 상이할 수 있습니다)"
155,동해동동주,동해 동동주,"￦15,000(750ml*9병)(가격은 판매처 별로 상이할 수 있습니다)"
156,두레앙 일반증류주,두레앙 증류주,"￦35,000(가격은 판매처 별로 상이할 수 있습니다.)"
157,두레앙22,두레앙 22,"￦5,000 (가격은 판매처 별로 상이할 수 있습니다)"
158,두레앙목통숙성주,특산물,"￦5,000 (가격은 판매처 별로 상이할 수 있습니다)"
159,두레앙와인,두레앙 와인,"￦15,000(가격은 판매처 별로 상이할 수 있습니다.)"
160,두륜탁주,,
161,두리향,두리향,"￦36,000 (가격은 판매처 별로 상이할 수 있습니다)"
162,딸링 막걸리,,
163,라이스퐁당,라이스퐁당 13,"￦15,000 (가격은 판매처 별로 상이할 수 있습니다)"
164,라이코펜 토마토와인,논공 토마토,"￦15,000 (가격은 판매처 별로 상이할 수 있습니다)"
165,레돔 내추럴 스파클링 로제와인,레돔 내추럴 스파클링 로제와인,"￦38,000 (가격은 판매처 별로 상이할 수 있습니다)"
166,레돔 시드르,레돔 시드르,"￦32,000 (가격은 판매처 별로 상이할 수 있습니다)"
167,레드 와인 500,크라테 레드와인 드라이,"￦48,000 (가격은 판매처 별로 상이할 수 있습니다)"
168,레드듀 RED DEW,Raising a Cup for a Drink ,"￦48,000 (가격은 판매처 별로 상이할 수 있습니다)"
169,려,려,"￦48,000 (가격은 판매처 별로 상이할 수 있습니다)"
170,로아19레드,"19 크라임스, 레드 블랜드 2017 ","45,000원 (판매처별로 가격이 다를 수 있습니다.)"
171,로아19옐로우,배도가 로아 40도 옐로우,"￦20,000(가격은 판매처 별로 상이할 수 있습니다.)"
172,로아19화이트,,
173,로아40 레드,배도가 로아 40도 옐로우,"￦20,000(가격은 판매처 별로 상이할 수 있습니다.)"
174,로아40 옐로우,배도가 로아 40도 옐로우,"￦20,000(가격은 판매처 별로 상이할 수 있습니다.)"
175,로아40퍼플,배도가 로아 40도 옐로우,"￦20,000(가격은 판매처 별로 상이할 수 있습니다.)"
176,로아40화이트,배도가 로아 40도 옐로우,"￦20,000(가격은 판매처 별로 상이할 수 있습니다.)"
177,로얄 안동소주,경상 · 대구 · 부산 · 울산 지역 술 ,"￦20,000(가격은 판매처 별로 상이할 수 있습니다.)"
178,로제 와인 750,포엠 로제와인,"￦35,000 (가격은 판매처 별로 상이할 수 있습니다)"
179,로제와인,로제 와인,"￦35,000 (가격은 판매처 별로 상이할 수 있습니다)"
180,루드베리,,
181,르깔롱,르깔롱,"￦35,000 (가격은 판매처 별로 상이할 수 있습니다)"
182,마주 소곡주,마주 소곡주,"￦17,000 (가격은 판매처 별로 상이할 수 있습니다)"
183,마주 소곡화주,마주 소곡화주,"￦25,000 (가격은 판매처 별로 상이할 수 있습니다)"
184,막시모 40,막시모40,"￦49,000 (가격은 판매처 별로 상이할 수 있습니다)"
185,만강에 비친 달,만강에 비친 달,"￦12,000 (가격은 판매처 별로 상이할 수 있습니다.)"
186,만품 산삼가득,산삼가득막걸리,"￦12,000 (가격은 판매처 별로 상이할 수 있습니다.)"
187,말이야 막걸리야,동곡 막걸리,"￦12,000 (가격은 판매처 별로 상이할 수 있습니다.)"
188,맑은 문희주,맑은 문희주,"￦36,000 (가격은 판매처 별로 상이할 수 있습니다.)"
189,맑은내일 Winery 단감명작,맑은 내일,"￦36,000 (가격은 판매처 별로 상이할 수 있습니다.)"
190,맑은내일 발효 막걸리,맑은내일 발효막걸리,"750ml ￦2,200, 
                                        1,000ml ￦6,500 (가격은 판매처 별로 상이할 수 있습니다)"
191,맑은내일 스파클링 막걸리,맑은내일 발효막걸리,"750ml ￦2,200, 
                                        1,000ml ￦6,500 (가격은 판매처 별로 상이할 수 있습니다)"
192,맑은내일 우포,맑은내일 우포,"325ml ￦5,000, 
                                        500ml ￦7,000 (가격은 판매처 별로 상이할 수 있습니다)"
193,맑은내일 운암1945,맑은 내일,"325ml ￦5,000, 
                                        500ml ￦7,000 (가격은 판매처 별로 상이할 수 있습니다)"
194,맑은바당,제주도에 흠뻑 취하다 <제주 주류기행> ,"325ml ￦5,000, 
                                        500ml ￦7,000 (가격은 판매처 별로 상이할 수 있습니다)"
195,맑은술 해밀,맑은술 해밀,"￦25,000 (가격은 판매처 별로 상이할 수 있습니다)"
196,매실 막걸리,매실 막걸리,"￦3,500(가격은 판매처 별로 상이할 수 있습니다.)"
197,매실원주 허니,매실원주 15도,"￦6,000(가격은 판매처 별로 상이할 수 있습니다.)"
198,매실탁테일,탁테일 '매실',"￦6,000(가격은 판매처 별로 상이할 수 있습니다.)"
199,매실향기 담은 술,매실향기 담은 술,"￦6,000 (가격은 판매처 별로 상이할 수 있습니다)"
200,매아랑,매아랑,"￦6,000 (가격은 판매처 별로 상이할 수 있습니다)"
201,매화깊은밤,매화주,"￦6,000 (가격은 판매처 별로 상이할 수 있습니다)"
202,매화마름,매화마름,"￦6,000 (가격은 판매처 별로 상이할 수 있습니다)"
203,매화마름 호랑이 막걸리,호랑이 막걸리,"￦6,000 (가격은 판매처 별로 상이할 수 있습니다)"
204,머루이야기,머루 이야기,"￦6,000(가격은 판매처 별로 상이할 수 있습니다.)"
205,메로니아,메로니아,"￦2,000 (가격은 판매처 별로 상이할 수 있습니다.)"
206,메로니아,메로니아,"￦2,000 (가격은 판매처 별로 상이할 수 있습니다.)"
207,메밀로,메밀로,"￦150,000 (가격은 판매처 별로 상이할 수 있습니다)"
208,메밀이슬,메밀,"￦150,000 (가격은 판매처 별로 상이할 수 있습니다)"
209,멜론서리,,
210,면천두견주 360,면천두견주 360,"￦32,000(360ml*4병)(가격은 판매처 별로 상이할 수 있습니다.)"
211,면천두견주 700,면천두견주 700,"￦30,000(700ml*2병)(가격은 판매처 별로 상이할 수 있습니다.)"
212,명가원 복분자술,복분자주,"￦20,000 (가격은 판매처 별로 상이할 수 있습니다.)"
213,명랑 스컬,,
214,명인 안동소주,명인안동소주,"￦20,000 (가격은 판매처 별로 상이할 수 있습니다.)"
215,명인 안동소주 22%,명인 안동소주 22도,"￦27,000(360ml*6병)(가격은 판매처 별로 상이할 수 있습니다.)"
216,명인 안동소주 양반탈,명인 안동소주 양반탈,"￦35,000(가격은 판매처 별로 상이할 수 있습니다.)"
217,명인 안동소주 하회탈,안동 농특산품 & 안동 전통음식 ,"￦35,000(가격은 판매처 별로 상이할 수 있습니다.)"
218,명인 홍삼주,명인 홍삼주,"￦12,000(375ml*3병)(가격은 판매처 별로 상이할 수 있습니다.)"
219,명작복분자,명작 복분자,"￦78,000(375ml*12병)(가격은 판매처 별로 상이할 수 있습니다.)"
220,명품홍주,,
221,모든날에,모든 성인의 날 대축일,"￦78,000(375ml*12병)(가격은 판매처 별로 상이할 수 있습니다.)"
222,모리,모리,"￦78,000(375ml*12병)(가격은 판매처 별로 상이할 수 있습니다.)"
223,모월 로,모월 로,"￦25,000 (가격은 판매처 별로 상이할 수 있습니다)"
224,모월 연,모월 연,"￦18,000 (가격은 판매처 별로 상이할 수 있습니다)"
225,모월 인,모월 인,"￦40,000 (가격은 판매처 별로 상이할 수 있습니다)"
226,모월 청,모월 청,"￦21,000 (가격은 판매처 별로 상이할 수 있습니다)"
227,모월로미니,일련사건 2,"￦21,000 (가격은 판매처 별로 상이할 수 있습니다)"
228,모월인미니,일련사건 2,"￦21,000 (가격은 판매처 별로 상이할 수 있습니다)"
229,모을동주 약주,모을동주 약주,"￦13,000 (가격은 판매처 별로 상이할 수 있습니다)"
230,무주구천동머루와인,무주 구천동 머루와인,"￦25,000(가격은 판매처 별로 상이할 수 있습니다.)"
231,무주구천동산머루주,무주 구천동 산머루주,"￦15,000(가격은 판매처 별로 상이할 수 있습니다.)"
232,문경바람 백자 25,문경바람 백자 25%,"￦30,000(750ml), ￦16,000(375ml)(가격은 판매처 별로 상이할 수 있습니다.)"
233,문경바람 백자 40,문경바람 백자 40%,"￦40,000(750ml), ￦24,000(375ml)(가격은 판매처 별로 상이할 수 있습니다.)"
234,문경바람 오크,문경바람 오크,"￦44,000(750ml), ￦28,000(375ml)(가격은 판매처 별로 상이할 수 있습니다.)"
235,문배술,문배술,"￦44,000(750ml), ￦28,000(375ml)(가격은 판매처 별로 상이할 수 있습니다.)"
236,문배술 헤리티지 25도,문배술 헤리티지 25도,"￦55,000(375ml*9병)(가격은 판매처 별로 상이할 수 있습니다.)"
237,문배술 헤리티지 40도,문배술 헤리티지 40도,"￦48,000(200ml*4병)(가격은 판매처 별로 상이할 수 있습니다.)"
238,문삼이공(moon320) 잣 주,,
239,문희 탁주,문희 (오미자),"￦21,000 / ￦18,000 (가격은 판매처별로 상이할 수 있습니다.)"
240,미담,미담,"￦21,000 / ￦18,000 (가격은 판매처별로 상이할 수 있습니다.)"
241,미르,몰약,"￦21,000 / ￦18,000 (가격은 판매처별로 상이할 수 있습니다.)"
242,미르아토 로제와인,도쿄 역 & 긴자 & 오다이바,"￦21,000 / ￦18,000 (가격은 판매처별로 상이할 수 있습니다.)"
243,미르아토 증류주 tears of god,,
244,미르아토 청수 스위트 (화이트)와인,포엠 화이트와인,"￦35,000 (가격은 판매처 별로 상이할 수 있습니다)"
245,미상25,,
246,미생 막걸리,미생 막걸리,"￦1,100(가격은 판매처 별로 상이할 수 있습니다.)"
247,미소 생막걸리,미소 생막걸리,"￦1,500(가격은 판매처 별로 상이할 수 있습니다.)"
248,미소 아이스,미소 아이스,"￦40,000 (가격은 판매처 별로 상이할 수 있습니다.)"
249,미인약주,미인탁주,"￦15,000(가격은 판매처 별로 상이할 수 있습니다.)"
250,미인탁주,미인탁주,"￦15,000(가격은 판매처 별로 상이할 수 있습니다.)"
251,민들레대포,배상면주가,"￦15,000(가격은 판매처 별로 상이할 수 있습니다.)"
252,민속주 안동소주,경상 · 대구 · 부산 · 울산 지역 술 ,"￦15,000(가격은 판매처 별로 상이할 수 있습니다.)"
253,바나나 주,바나나 주,"￦1,700 (가격은 판매처 별로 상이할 수 있습니다.)"
254,바랑 탁,바랑 탁,"￦18,000 (가격은 판매처 별로 상이할 수 있습니다)"
255,밤꽃향기,밤꽃향기,"￦4,000(가격은 판매처 별로 상이할 수 있습니다.)"
256,밤빛머루,밤,"￦4,000(가격은 판매처 별로 상이할 수 있습니다.)"
257,방문주 약주,방문주 약주,"￦7,000 (가격은 판매처 별로 상이할 수 있습니다)"
258,방문주 탁주,방문주 탁주,"￦6,000 (가격은 판매처 별로 상이할 수 있습니다)"
259,배꽃 필 무렵,보리필무렵,"￦6,000 (가격은 판매처 별로 상이할 수 있습니다)"
260,배꽃담은연,배꽃담은 연 생막걸리,"￦20,000 (가격은 판매처 별로 상이할 수 있습니다)"
261,배도가 로아 40도 옐로우,배도가 로아 40도 옐로우,"￦20,000(가격은 판매처 별로 상이할 수 있습니다.)"
262,배도가 심플리 애플,,
263,백년친구 쌀막걸리,경상 · 대구 · 부산 · 울산 지역 술 ,"￦20,000(가격은 판매처 별로 상이할 수 있습니다.)"
264,백년친구 풍기홍삼막걸리,남은 이야기,"￦20,000(가격은 판매처 별로 상이할 수 있습니다.)"
265,백년향,백년향,"￦33,000(500ml*3병)(가격은 판매처 별로 상이할 수 있습니다)"
266,백련 맑은술,백련 맑은술,"￦7,000 (가격은 판매처 별로 상이할 수 있습니다.)"
267,백련 생막걸리 snow (스노우),백련 생막걸리 snow (스노우),"￦1,600 (가격은 판매처 별로 상이할 수 있습니다.)"
268,백수환동주,백수환동주,"￦1,600 (가격은 판매처 별로 상이할 수 있습니다.)"
269,백운 복분자 와인,백운 복분자 와인,"￦7,000(가격은 판매처 별로 상이할 수 있습니다.)"
270,백운복분자주,백운 복분자주,"￦7,000(가격은 판매처 별로 상이할 수 있습니다.)"
271,백이주,,
272,백자주,백자주,"￦18,000(가격은 판매처 별로 상이할 수 있습니다.)"
273,백제한산군주,한산주,"￦18,000(가격은 판매처 별로 상이할 수 있습니다.)"
274,뱅꼬레 레드와인,뱅꼬레 레드와인,"￦25,000(가격은 판매처 별로 상이할 수 있습니다.)"
275,뱅꼬레 로제와인,뱅꼬레 로제와인,"￦23,000(가격은 판매처 별로 상이할 수 있습니다.)"
276,뱅꼬레 아이스와인,뱅꼬레 아이스와인,"￦90,000(가격은 판매처 별로 상이할 수 있습니다.)"
277,뱅꼬레 화이트와인,뱅꼬레 화이트와인,"￦23,000(가격은 판매처 별로 상이할 수 있습니다.)"
278,베리와인1168 스위트와인,호주 와인 생산자,"￦23,000(가격은 판매처 별로 상이할 수 있습니다.)"
279,베베마루 설레임 로제 스위트와인,베베마루 캠벨로제 스위트,"￦20,000(가격은 판매처 별로 상이할 수 있습니다.)"
280,베베마루 캠밸로제,베베마루 캠벨로제,"￦20,000(가격은 판매처 별로 상이할 수 있습니다.)"
281,베베마루 캠벨로제 스위트,베베마루 캠벨로제 스위트,"￦20,000(가격은 판매처 별로 상이할 수 있습니다.)"
282,별바랑,별바랑,"￦27,000 (가격은 판매처 별로 상이할 수 있습니다)"
283,별산막걸리,,
284,별산오디 스파클링 막걸리,,
285,병영설성 동동주,병영설성 동동주,"￦2,500 (가격은 판매처 별로 상이할 수 있습니다)"
286,병영설성 생막걸리,병영설성 생막걸리,"￦3,500 (가격은 판매처 별로 상이할 수 있습니다)"
287,병영설성사또,병영설성사또,"￦40,000 (가격은 판매처 별로 상이할 수 있습니다)"
288,병영소주,병영소주,"￦25,000 (가격은 판매처별로 상이할 수 있습니다.)"
289,보리수헤는밤,술헤는밤,"￦5,900 (가격은 판매처 별로 상이할 수 있습니다)"
290,보성 강하주,,
291,복단지,,
292,복단지 350,,
293,복분자아락40,복분자 아락,"￦40,000(가격은 판매처 별로 상이할 수 있습니다.)"
294,복분자음,복분자음,"￦6,000(가격은 판매처 별로 상이할 수 있습니다.)"
295,복분자주 360,복분자주 360,"￦6,000 (가격은 판매처 별로 상이할 수 있습니다.)"
296,복순도가 손막걸리,복순도가 손막걸리,"￦6,000 (가격은 판매처 별로 상이할 수 있습니다.)"
297,복순도가 약주,,
298,복순도가 탁주,복순도가 손 막걸리,"￦12,000 (가격은 판매처 별로 상이할 수 있습니다.)"
299,복숭아와인,복숭아와인,"￦20,000 (가격은 판매처 별로 상이할 수 있습니다)"
300,볼빨간막걸리 10,볼빨간막걸리 10,"￦7,000 (가격은 판매처 별로 상이할 수 있습니다)"
301,볼빨간막걸리 7,볼빨간막걸리 7,"￦5,000 (가격은 판매처 별로 상이할 수 있습니다)"
302,볼빨간미자,,
303,봇뜰 막걸리 10도,부자 10도,"￦5,000 (가격은 판매처 별로 상이할 수 있습니다)"
304,봉하쌀 생막걸리,봉하쌀 생막걸리,"￦2,000 (가격은 판매처 별로 상이할 수 있습니다)"
305,부안참뽕막걸리,부안 참뽕 막걸리,"￦2,000(가격은 판매처 별로 상이할 수 있습니다.)"
306,부안참뽕와인,부안 참뽕 와인,"￦18,000(가격은 판매처 별로 상이할 수 있습니다.)"
307,부자,부자,"￦18,000(가격은 판매처 별로 상이할 수 있습니다.)"
308,부자 송산포도,,
309,부자진 배치#0001,주평역,"￦18,000(가격은 판매처 별로 상이할 수 있습니다.)"
310,부자진 오미자 진,오미자,"￦18,000(가격은 판매처 별로 상이할 수 있습니다.)"
311,북극곰 막걸리,,
312,불로생우리쌀막걸리,우리술 우리쌀 막걸리,"￦18,000(가격은 판매처 별로 상이할 수 있습니다.)"
313,불소곡주,불소곡주,"￦30,000(가격은 판매처 별로 상이할 수 있습니다.)"
314,붉은 원숭이,붉은 원숭이,"￦7,000 (가격은 판매처 별로 상이할 수 있습니다.)"
315,블루베리 이야기,블루베리 이야기,"￦6,000(가격은 판매처 별로 상이할 수 있습니다.)"
316,빙탄복,복분자음,"￦6,000(가격은 판매처 별로 상이할 수 있습니다.)"
317,빨간쌀막걸리,볼빨간막걸리 7,"￦5,000 (가격은 판매처 별로 상이할 수 있습니다)"
318,사과와인,사과와인,"￦20,000 (가격은 판매처 별로 상이할 수 있습니다)"
319,사미인주,사미인주,"￦20,000 (가격은 판매처 별로 상이할 수 있습니다)"
320,사시통음주,사시통음주,"￦20,000 (가격은 판매처 별로 상이할 수 있습니다)"
321,사십오도,온도와 온도계,"￦20,000 (가격은 판매처 별로 상이할 수 있습니다)"
322,사임주,,
323,산내울 복분자주,산내울 복분자주,"￦20,000 (가격은 판매처 별로 상이할 수 있습니다)"
324,산내울 사과애주,산내울 사과애주,"￦14,000 (가격은 판매처 별로 상이할 수 있습니다)"
325,산내울 오미자주,산내울 오미자주,"￦20,000(가격은 판매처 별로 상이할 수 있습니다)"
326,산막 생유 막걸리,산막 생유 막걸리,"￦1,200(가격은 판매처 별로 상이할 수 있습니다.)"
327,산막생대덕주,,
328,산막와이너리 증류주 환희,,
329,산머루 크라테 드라이,크라테 레드와인 드라이,"￦48,000 (가격은 판매처 별로 상이할 수 있습니다)"
330,산머루 크라테 로제,크라테 로제와인,"￦18,000 (가격은 판매처 별로 상이할 수 있습니다)"
331,산머루 크라테 스위트,크라테 레드와인 스위트,"￦48,000 (가격은 판매처 별로 상이할 수 있습니다)"
332,산머루와인 깊은맛 드라이,컨츄리 산머루 와인 (드라이),"￦20,000 (가격은 판매처 별로 상이할 수 있습니다.)"
333,산머루와인 달콤한 스위트,컨츄리 산머루 와인 (스위트),"￦20,000 (가격은 판매처 별로 상이할 수 있습니다.)"
334,산삼가득 명술,명술 375ml,"￦30,000(가격은 판매처 별로 상이할 수 있습니다.)"
335,산정호수 동정춘막걸리,산정호수 동정춘막걸리,"￦20,000 (가격은 판매처 별로 상이할 수 있습니다)"
336,산천어막걸리,강원 지역 술,"￦20,000 (가격은 판매처 별로 상이할 수 있습니다)"
337,삼선,삼선,"￦15,000 (가격은 판매처 별로 상이할 수 있습니다)"
338,삼양춘 생약주,삼양춘 생약주,"￦20,000(가격은 판매처 별로 상이할 수 있습니다.)"
339,삼양춘 생탁주,삼양춘 생탁주,"￦12,000(가격은 판매처 별로 상이할 수 있습니다.)"
340,삼양춘 스파클링,,
341,삼양춘 청주,삼양춘 청주,"￦16,800 (가격은 판매처 별로 상이할 수 있습니다)"
342,삼해소주,삼해소주가,"￦16,800 (가격은 판매처 별로 상이할 수 있습니다)"
343,새송이 쌀막걸리 정,여수 쌀막걸리 '정',"￦16,800 (가격은 판매처 별로 상이할 수 있습니다)"
344,생 청주 막걸리,생 청주 막걸리,"￦1,500 (가격은 판매처 별로 상이할 수 있습니다.)"
345,생탁주,창원 생탁주,"￦1,500 (가격은 판매처 별로 상이할 수 있습니다.)"
346,샤토미소 랑,샤토미소 랑,"￦20,000 (가격은 판매처 별로 상이할 수 있습니다)"
347,샤토미소 레드 드라이,샤토미소 레드 프리미엄 드라이,"￦40,000 (가격은 판매처 별로 상이할 수 있습니다)"
348,샤토미소 레드 스위트,샤토미소 스위트,"￦20,000 (가격은 판매처 별로 상이할 수 있습니다.)"
349,샤토미소 로제스위트와인,충청 · 대전 지역 술,"￦20,000 (가격은 판매처 별로 상이할 수 있습니다.)"
350,샤토미소 아이스와인,미소 아이스,"￦40,000 (가격은 판매처 별로 상이할 수 있습니다.)"
351,샤토미소 영동,샤토미소 영동,"￦30,000 (가격은 판매처 별로 상이할 수 있습니다)"
352,샤토미소 웨딩 자두와인,도란원 샤토미소,"￦30,000 (가격은 판매처 별로 상이할 수 있습니다)"
353,샹스프랑보아즈,샹스프랑보아즈,"￦150,000(500ml*10병)(가격은 판매처 별로 상이할 수 있습니다)"
354,서설,「서설」,"￦150,000(500ml*10병)(가격은 판매처 별로 상이할 수 있습니다)"
355,서울의 밤,서울의 밤,"￦7,500(가격은 판매처 별로 상이할 수 있습니다.)"
356,서주 16%,서주 16%,"￦45,000(400ml*2병)(가격은 판매처 별로 상이할 수 있습니다)"
357,석로주,석로주,"￦34,000(가격은 판매처 별로 상이할 수 있습니다.)"
358,석탄주 약주,석탄주 약주,"￦7,000 (가격은 판매처 별로 상이할 수 있습니다)"
359,석탄주 탁주,석탄주 탁주,"￦6,000 (가격은 판매처 별로 상이할 수 있습니다)"
360,선비 보드카,,
361,선비 진,,
362,선운산 복분자와인,선운산 복분자와인,"￦6,000 (가격은 판매처 별로 상이할 수 있습니다)"
363,선운산 복분자주,선운산 복분자주,"￦25,000(375ml*4병 세트)(가격은 판매처 별로 상이할 수 있습니다)"
364,선운산 복분자주 프리미엄,선운산 복분자주 프리미엄,"￦40,000 (가격은 판매처 별로 상이할 수 있습니다)"
365,선운산의 아침 복분자 막걸리,선운산의 아침 복분자막걸리,"￦28,000(500ml*12병)(가격은 판매처 별로 상이할 수 있습니다.)"
366,선호 생막걸리,선호 생막걸리,"￦1,700(가격은 판매처 별로 상이할 수 있습니다.)"
367,설궁,설궁,가격은 판매처 별로 상이할 수 있습니다.
368,설련주,설련주,"￦35,000 (가격은 판매처 별로 상이할 수 있습니다)"
369,설성 만월 막걸리,설성 만월 막걸리,"￦4,000 (가격은 판매처 별로 상이할 수 있습니다.)"
370,설하담,설하담,"￦7,400(950ml), 
                                        ￦3,900(475ml)(가격은 판매처 별로 상이할 수 있습니다)"
371,성읍민속마을 오메기술,,
372,성포 생막걸리,성포 생막걸리,"￦1,100 (가격은 판매처 별로 상이할 수 있습니다)"
373,세오녀탁주,,
374,세우리,세우리,"￦250,000(가격은 판매처 별로 상이할 수 있습니다.)"
375,세인트하우스 모과와인,해미읍성 모과와인,"￦20,000 (가격은 판매처 별로 상이할 수 있습니다)"
376,세인트하우스 살구와인,해미읍성 살구와인,"￦20,000 (가격은 판매처 별로 상이할 수 있습니다)"
377,세종 쌀막걸리,세종 쌀 막걸리,"￦1,500 (가격은 판매처 별로 상이할 수 있습니다.)"
378,세종 알밤주,세종 알밤주,"￦1,500 (가격은 판매처 별로 상이할 수 있습니다.)"
379,세종 오가닉,세종 오가닉,"￦9,000 (가격은 판매처 별로 상이할 수 있습니다.)"
380,세종대왕어주 약주,세종대왕어주 약주,"￦25,900 (가격은 판매처 별로 상이할 수 있습니다)"
381,세종대왕어주 탁주,세종대왕어주 탁주,"￦16,900 (가격은 판매처 별로 상이할 수 있습니다)"
382,세종청주생막걸리,세종생막걸리,"￦16,900 (가격은 판매처 별로 상이할 수 있습니다)"
383,소계리 595 스위트 레드와인,포엠 레드 스위트와인,"￦25,000 (가격은 판매처 별로 상이할 수 있습니다)"
384,소나무와 학,소나무와 학,"￦39,000(가격은 판매처 별로 상이할 수 있습니다.)"
385,소백산(샤토소백) 스위트 레드와인,샤토미소 로제 스위트,"￦20,000 (가격은 판매처 별로 상이할 수 있습니다.)"
386,소양강 생 막걸리,소양강 생 막걸리,"￦1,200 / ￦1,800 (가격은 판매처 별로 상이할 수 있습니다.)"
387,소여강,소여강,"￦1,200 / ￦1,800 (가격은 판매처 별로 상이할 수 있습니다.)"
388,소여강 25%,,
389,소호,소호,"￦1,200 / ￦1,800 (가격은 판매처 별로 상이할 수 있습니다.)"
390,손가네 태종대 개똥쑥생막걸리,,
391,솔송주,솔송주,"￦1,200 / ￦1,800 (가격은 판매처 별로 상이할 수 있습니다.)"
392,송로주,보은송로주,"￦1,200 / ￦1,800 (가격은 판매처 별로 상이할 수 있습니다.)"
393,송명섭 막걸리,송명섭 막걸리,"￦3,000(가격은 판매처 별로 상이할 수 있습니다.)"
394,송이주,송이주,"￦12,000(가격은 판매처 별로 상이할 수 있습니다.)"
395,송화백일주,송화백일주,"￦45,000 (가격은 판매처 별로 상이할 수 있습니다)"
396,수삼단본 720,충청 · 대전 지역 술,"￦45,000 (가격은 판매처 별로 상이할 수 있습니다)"
397,수성 프리미엄 백주43,,
398,순향주,순향주,"￦56,000(375ml*3병)(가격은 판매처 별로 상이할 수 있습니다)"
399,술공방 9.0 막걸리,술공방 9.0 생막걸리,"500ml ￦5,000 (가격은 판매처 별로 상이할 수 있습니다)"
400,술그리다 생탁주,술그리다 생탁주,"￦9,000(가격은 판매처 별로 상이할 수 있습니다.)"
401,술샘16,황상의 아버지 황인담에 대한 만사,"￦9,000(가격은 판매처 별로 상이할 수 있습니다.)"
402,술샘19,젊은달 와이파크,"￦9,000(가격은 판매처 별로 상이할 수 있습니다.)"
403,술아 국화주,국화주,"￦9,000(가격은 판매처 별로 상이할 수 있습니다.)"
404,술아 매화주,술아 국화주,"￦36,000(375ml*2병)(가격은 판매처 별로 상이할 수 있습니다.)"
405,술아 순곡주,술아 순곡주,"￦36,000(375ml*2병)(가격은 판매처 별로 상이할 수 있습니다.)"
406,술아 연화주,술아 국화주,"￦36,000(375ml*2병)(가격은 판매처 별로 상이할 수 있습니다.)"
407,술아 핸드메이드 막걸리,술아 막걸리,"￦21,000(450ml*3병)(가격은 판매처 별로 상이할 수 있습니다.)"
408,술예쁘다 생탁주,술예쁘다 생탁주,"￦18,000(가격은 판매처 별로 상이할 수 있습니다.)"
409,술취한 원숭이,술취한 원숭이,"￦7,000 (가격은 판매처 별로 상이할 수 있습니다.)"
410,술헤는밤,술헤는밤,"￦5,900 (가격은 판매처 별로 상이할 수 있습니다)"
411,스타베리오디,스타베리 오디와인,"￦28,000(가격은 판매처 별로 상이할 수 있습니다.)"
412,스파클링와인,스파클링 와인,"￦28,000(가격은 판매처 별로 상이할 수 있습니다.)"
413,스파클링와인 오미로제 결,오미로제 스파클링와인,"￦28,000(가격은 판매처 별로 상이할 수 있습니다.)"
414,시나브로 드 글로리아,시나브로 드 글로리아,"￦25,000 (가격은 판매처 별로 상이할 수 있습니다)"
415,시나브로 레드 드라이,시나브로 레드 드라이,"￦25,000 (가격은 판매처 별로 상이할 수 있습니다)"
416,시나브로 레드 스위트,시나브로 레드 드라이,"￦25,000 (가격은 판매처 별로 상이할 수 있습니다)"
417,시나브로 로제와인,시나브로 로제와인,"￦30,000 (가격은 판매처 별로 상이할 수 있습니다)"
418,시나브로 에뚜왈 로제 스파클링,시나브로 에뚜왈 로제 스파클링,"￦30,000 (가격은 판매처 별로 상이할 수 있습니다)"
419,시나브로 에뚜왈 화이트 스파클링와인,시나브로 에뚜왈 스파클링와인,"￦30,000 (가격은 판매처 별로 상이할 수 있습니다)"
420,시나브로 청수 화이트,시나브로 화이트와인,"￦30,000 (가격은 판매처 별로 상이할 수 있습니다)"
421,시인의마을,시인의 마을,"￦30,000 (가격은 판매처 별로 상이할 수 있습니다)"
422,시향가,"어문, 도서현황","￦30,000 (가격은 판매처 별로 상이할 수 있습니다)"
423,시향가 미니캔막걸리,,
424,신례명주,신례명주,"￦99,000 (가격은 판매처 별로 상이할 수 있습니다)"
425,신선주,신선주,"￦19,000(가격은 판매처 별로 상이할 수 있습니다.)"
426,신애유자,,
427,심술 10,대탄 큰바위의 심술,"￦19,000(가격은 판매처 별로 상이할 수 있습니다.)"
428,심술 7,,
429,심술 알쓰,,
430,심술6 막걸리,나루 생막걸리 6%,"￦19,000(가격은 판매처 별로 상이할 수 있습니다.)"
431,씨(C) 그린막걸리,인테그린,"￦19,000(가격은 판매처 별로 상이할 수 있습니다.)"
432,씨(C) 막걸리 시그니처 큐베,태국 드럭스토어 & 마트 쇼핑,"￦19,000(가격은 판매처 별로 상이할 수 있습니다.)"
433,씨(C) 옐로막걸리,,
434,아띠,Ahtty,"￦19,000(가격은 판매처 별로 상이할 수 있습니다.)"
435,아리아리,,
436,아우내,아우내단오절민속축제,"￦19,000(가격은 판매처 별로 상이할 수 있습니다.)"
437,아이스 375,아이스 카페모카(R),"￦19,000(가격은 판매처 별로 상이할 수 있습니다.)"
438,아이싱 자몽,아이싱 자몽,"CAN ￦1,300, 
                                        BOTTLE ￦5,000(가격은 판매처 별로 상이할 수 있습니다)"
439,아이엠더문,,
440,아이원 막걸리,아이원 막걸리,"￦1,000(가격은 판매처 별로 상이할 수 있습니다.)"
441,아임프리,아임더 닥터 프리바이오틱스 정,"￦1,000(가격은 판매처 별로 상이할 수 있습니다.)"
442,아임프리6.0,아임더 닥터 프리바이오틱스 정,"￦1,000(가격은 판매처 별로 상이할 수 있습니다.)"
443,아황주,아황주,"￦23,000(가격은 판매처 별로 상이할 수 있습니다.)"
444,악양생막걸리,,
445,안동소주 일품 17도,안동소주 일품 17도,"￦12,000(350ml*3병)(가격은 판매처 별로 상이할 수 있습니다.)"
446,안동소주 일품 21도,안동소주 일품 21도,"￦13,500(350ml*3병)(가격은 판매처 별로 상이할 수 있습니다.)"
447,안동소주 일품 40도 골드,안동소주 일품 40도 골드,"￦18,000(가격은 판매처 별로 상이할 수 있습니다.)"
448,안성맞춤 생막걸리,,
449,안양동동주,안양 동동주,"￦1,100 (가격은 판매처 별로 상이할 수 있습니다)"
450,애석,애석,"￦30,000 (가격은 판매처 별로 상이할 수 있습니다)"
451,애피소드 상그리아,애피소드 호프,"￦21,000(500ml*6병)(가격은 판매처 별로 상이할 수 있습니다.)"
452,애피소드 애플,애피소드 애플,"￦21,000(500ml*6병)(가격은 판매처 별로 상이할 수 있습니다.)"
453,애피소드호프,애피소드 호프,"￦21,000(500ml*6병)(가격은 판매처 별로 상이할 수 있습니다.)"
454,야관문 쌀 막걸리,야관문 쌀 막걸리,"￦1,500(가격은 판매처 별로 상이할 수 있습니다.)"
455,양조학당 뜰,,
456,양지백주,과하백주,"￦1,500(가격은 판매처 별로 상이할 수 있습니다.)"
457,양촌 생 동동주,양촌 생 동동주,"￦36,000원 1박스 15개입 (가격은 판매처 별로 상이할 수 있습니다.)"
458,양촌 생 막걸리,양촌 생 막걸리,"￦30,000원 1박스 20개입 (가격은 판매처 별로 상이할 수 있습니다.)"
459,양촌 우렁이쌀 청주,우렁이쌀 손 막걸리,"￦39,000원 1박스 15개입 (가격은 판매처 별로 상이할 수 있습니다.)"
460,어우야,어우야,"￦9,900 (가격은 판매처 별로 상이할 수 있습니다)"
461,얼떨결에,얼떨결에 엉겁결에,"￦9,900 (가격은 판매처 별로 상이할 수 있습니다)"
462,엄청주,,
463,에델 미디움 스위트와인,파미유카스텔미디움 스위트그르나쉬시라 ,가격정보없음 (판매처별로 가격이 다를 수 있습니다.)
464,에델 스위트와인,전문용어,가격정보없음 (판매처별로 가격이 다를 수 있습니다.)
465,여민락주,,
466,여포의 꿈 (화이트),여포의 꿈 (화이트),"￦20,000 (가격은 판매처 별로 상이할 수 있습니다.)"
467,여포의 꿈 레드(Dry),여포의 꿈 레드 (Dry),"￦20,000 (가격은 판매처 별로 상이할 수 있습니다.)"
468,여포의 꿈 레드(SWEET),여포의 꿈 레드(SWEET),-
469,역전주,,
470,연오랑탁주,,
471,연천 아주,연천 아주,"￦6,000 (가격은 판매처 별로 상이할 수 있습니다)"
472,연천 연주,연천 연주,"￦15,000 (가격은 판매처 별로 상이할 수 있습니다)"
473,연천 우주,연천 우주,"￦8,500 (가격은 판매처 별로 상이할 수 있습니다)"
474,영일만친구 막걸리,영일만친구,"￦8,500 (가격은 판매처 별로 상이할 수 있습니다)"
475,영탁막걸리,,
476,예담은 한산소곡주,예담은 한산소곡주,"￦12,000(가격은 판매처 별로 상이할 수 있습니다.)"
477,예밀와인 레드 드라이,예밀와인 레드 드라이,"￦20,000 (가격은 판매처 별로 상이할 수 있습니다)"
478,예밀와인 레드 스위트,예밀와인 레드 스위트,"￦20,000 (가격은 판매처 별로 상이할 수 있습니다)"
479,예밀와인 로제,예밀와인 로제,"￦20,000 (가격은 판매처 별로 상이할 수 있습니다)"
480,예술주조 `무작`,,
481,예주,예주,"￦29,000(가격은 판매처 별로 상이할 수 있습니다.)"
482,예천주 사월24,예천주 사월24,"￦22,000 (가격은 판매처 별로 상이할 수 있습니다)"
483,예천주 사월365,예천주 사월365,"￦29,000 (가격은 판매처 별로 상이할 수 있습니다)"
484,예천주복 만월24,예천주복 만월24,"￦12,800 (가격은 판매처 별로 상이할 수 있습니다)"
485,예천주복 만월40,예천주복 만월40,"￦19,200 (가격은 판매처 별로 상이할 수 있습니다)"
486,예화,예화,"￦10,000(가격은 판매처 별로 상이할 수 있습니다.)"
487,옛날막걸리 古,옛날 막걸리 古,"￦2,700원(※ 가격은 판매처 별로 상이할 수 있습니다)"
488,오 마이 갓,,
489,오가피와인,오가피와인,"￦20,000 (가격은 판매처 별로 상이할 수 있습니다)"
490,오계리 아이스와인,,
491,오곡 진상주,오곡 진상주,-
492,오드린 베베마루 아내를 위한,,
493,오디랑,오디랑,"￦4,000(가격은 판매처 별로 상이할 수 있습니다)"
494,오디아락40,고구마 아락,"￦25,000(가격은 판매처 별로 상이할 수 있습니다.)"
495,오디여라,울진의 언어,"￦25,000(가격은 판매처 별로 상이할 수 있습니다.)"
496,오매락,오매락퍽,"￦52,000(가격은 판매처 별로 상이할 수 있습니다.)"
497,오매락퍽,오매락퍽,"￦52,000(가격은 판매처 별로 상이할 수 있습니다.)"
498,오매백주,오매백주,"￦5,000 (가격은 판매처 별로 상이할 수 있습니다)"
499,오메기 맑은술,오메기 맑은술,"￦25,000(가격은 판매처 별로 상이할 수 있습니다.)"
500,오메기술,오메기 술,"￦13,000 (가격은 판매처 별로 상이할 수 있습니다.)"
501,오목대,오목대,"￦27,000(1000ml*3병)(가격은 판매처 별로 상이할 수 있습니다)"
502,오미로제 스파클링 와인,오미로제 스파클링와인,"￦27,000(1000ml*3병)(가격은 판매처 별로 상이할 수 있습니다)"
503,오미로제 연,오미로제 연,"50,000원 (판매처별로 가격이 다를 수 있습니다.)"
504,오미로제 프리미어와인,오미로제 프리미어와인,"￦39,000(가격은 판매처 별로 상이할 수 있습니다.)"
505,오미시앙 스페셜,오미시앙 스페셜,"￦10,000 (가격은 판매처 별로 상이할 수 있습니다.)"
506,오미자 생막걸리,오미자 생막걸리,"￦2,500 (가격은 판매처 별로 상이할 수 있습니다.)"
507,오산막걸리,오산막걸리,"￦3,000 (가격은 판매처 별로 상이할 수 있습니다)"
508,오크와인,오크,"￦3,000 (가격은 판매처 별로 상이할 수 있습니다)"
509,오희 스파클링 막걸리,오희 스파클링 막걸리,"￦36,000(500ml*2병)(가격은 판매처 별로 상이할 수 있습니다.)"
510,왕매실 막걸리,당진막걸리,"￦36,000(500ml*2병)(가격은 판매처 별로 상이할 수 있습니다.)"
511,왕율주,왕율주,"￦8,000(가격은 판매처 별로 상이할 수 있습니다.)"
512,왕피천을 품은 미소생막걸리,왕피천을 품은 미소생막걸리,"￦1,200(가격은 판매처 별로 상이할 수 있습니다.)"
513,요새로제,,
514,우곡생주,우곡생주,"￦6,500 (가격은 판매처 별로 상이할 수 있습니다)"
515,우곡주,부자 우곡주,"￦6,500 (가격은 판매처 별로 상이할 수 있습니다)"
516,우도 땅콩 전통주,우도 땅콩 전통주,"￦4,000 (가격은 판매처 별로 상이할 수 있습니다.)"
517,우도땅콩전통주,우도 땅콩 전통주,"￦4,000 (가격은 판매처 별로 상이할 수 있습니다.)"
518,우렁이쌀 손 막걸리,우렁이쌀 손 막걸리,"￦39,000원 1박스 15개입 (가격은 판매처 별로 상이할 수 있습니다.)"
519,우렁이쌀 손막걸리 DRY,우렁이쌀 손 막걸리,"￦39,000원 1박스 15개입 (가격은 판매처 별로 상이할 수 있습니다.)"
520,우리밀 막걸리 향수,향수 우리밀 막걸리,"￦7,900(가격은 판매처 별로 상이할 수 있습니다.)"
521,울금생막걸리 정,경상 · 대구 · 부산 · 울산 지역 술 ,"￦7,900(가격은 판매처 별로 상이할 수 있습니다.)"
522,원매,원매,"￦7,900(가격은 판매처 별로 상이할 수 있습니다.)"
523,원매,원매,"￦7,900(가격은 판매처 별로 상이할 수 있습니다.)"
524,원매 프리미엄,원매 프리미엄,"￦45,000(가격은 판매처 별로 상이할 수 있습니다.)"
525,원매 프리미엄,원매 프리미엄,"￦45,000(가격은 판매처 별로 상이할 수 있습니다.)"
526,원조소곡주,원조 한산소곡주,"￦12,000 (가격은 판매처 별로 상이할 수 있습니다)"
527,월매 쌀막걸리(캔),월매 쌀막걸리,"￦1,200(가격은 판매처 별로 상이할 수 있습니다.)"
528,위 (we)레드 (2018)와인,"아메리칸 빈티지, 레드와인 2018 ",가격정보없음 (판매처별로 가격이 다를 수 있습니다.)
529,유기농 이도 32,유기농 이도14,"￦20,000 (가격은 판매처 별로 상이할 수 있습니다)"
530,유기농 이도 42,유기농 이도 42,"￦42,000 (가격은 판매처 별로 상이할 수 있습니다.)"
531,유기농이도 14,유기농 이도14,"￦20,000 (가격은 판매처 별로 상이할 수 있습니다)"
532,유자향주,고흥 유자밭과 소록도,"￦20,000 (가격은 판매처 별로 상이할 수 있습니다)"
533,육십일도,윤계연의 형수 유인 신씨의 육십일 세를 축하하는 서 ,"￦20,000 (가격은 판매처 별로 상이할 수 있습니다)"
534,율무 동동주,율무 동동주,"￦14,000 (가격은 판매처 별로 상이할 수 있습니다)"
535,은자골 생 탁배기,은자골 생 탁배기,"￦1,500 (가격은 판매처 별로 상이할 수 있습니다.)"
536,의림소주,,
537,이담,이담,"￦1,500 (가격은 판매처 별로 상이할 수 있습니다.)"
538,이도 22,,
539,이동 생 쌀 막걸리,이동 생 쌀 막걸리,"￦1,300 (가격은 판매처 별로 상이할 수 있습니다.)"
540,이상헌 소주,이상헌 탁주,"￦25,000 (가격은 판매처 별로 상이할 수 있습니다)"
541,이상헌 약주,이상헌 약주,"￦45,000 (가격은 판매처 별로 상이할 수 있습니다)"
542,이천쌀생막걸리,세종 생막걸리,"￦45,000 (가격은 판매처 별로 상이할 수 있습니다)"
543,이화백주 순탁주,이화백주,"￦12,000(가격은 판매처 별로 상이할 수 있습니다.)"
544,이화주,이화주,"￦12,000(가격은 판매처 별로 상이할 수 있습니다.)"
545,인사이더 블루베리,수원에서 완성한 #닭스타그램,"￦12,000(가격은 판매처 별로 상이할 수 있습니다.)"
546,인생막걸리,배꽃담은 연 생막걸리,"￦20,000 (가격은 판매처 별로 상이할 수 있습니다)"
547,인어교주해적술,,
548,인천 생 소성주,인천 생 소성주,"￦1,200 (가격은 판매처 별로 상이할 수 있습니다.)"
549,일엽편주,일엽편주,"￦1,200 (가격은 판매처 별로 상이할 수 있습니다.)"
550,일엽편주,일엽편주,"￦1,200 (가격은 판매처 별로 상이할 수 있습니다.)"
551,일엽편주,일엽편주,"￦1,200 (가격은 판매처 별로 상이할 수 있습니다.)"
552,일지춘,봄을 알리는 매화,"￦1,200 (가격은 판매처 별로 상이할 수 있습니다.)"
553,입술,입술,"￦1,200 (가격은 판매처 별로 상이할 수 있습니다.)"
554,입장탁주,입장탁주,"￦1,200(가격은 판매처 별로 상이할 수 있습니다.)"
555,자두와인,자두와인,"￦1,200(가격은 판매처 별로 상이할 수 있습니다.)"
556,자연담은 복분자막걸리,자연담은 복분자막걸리,"￦56,000(360ml*20병)(가격은 판매처 별로 상이할 수 있습니다.)"
557,자연송이주,자연송이주,가격은 판매처 별로 상이할 수 있습니다.
558,자희향,자희향,"￦16,000 (가격은 판매처 별로 상이할 수 있습니다.)"
559,자희향 국화주,자희향 국화주,"￦20,000 (가격은 판매처 별로 상이할 수 있습니다.)"
560,자희향 나비,자희향 나비,"￦8,000 (가격은 판매처 별로 상이할 수 있습니다.)"
561,장수 생막걸리,장수 생 막걸리,"￦1,200(가격은 판매처 별로 상이할 수 있습니다.)"
562,장수 오미자주,장수 오미자주,"￦5,400 (가격은 판매처 별로 상이할 수 있습니다)"
563,장수홍삼주,,
564,장홍삼 장수 막걸리,장홍삼 장수 막걸리,"￦2,000(가격은 판매처 별로 상이할 수 있습니다.)"
565,정감생막걸리,,
566,정고집 나주배 약주 15%,정고집 나주배 약주 15%,"￦20,000 (가격은 판매처 별로 상이할 수 있습니다)"
567,정고집 나주배 약주 9%,정고집 나주배 약주 9%,"￦18,000 (가격은 판매처 별로 상이할 수 있습니다)"
568,제주감귤주 귤로만,제주 도련동 귤나무류,"￦18,000 (가격은 판매처 별로 상이할 수 있습니다)"
569,제주낭만,"낭만 제주에 가을 감성 더하기, 제주 책방 여행 ","￦18,000 (가격은 판매처 별로 상이할 수 있습니다)"
570,제주몬순커피주,"제주를 마셔요, 서남권 카페 여행","￦18,000 (가격은 판매처 별로 상이할 수 있습니다)"
571,제주술익는집 고소리술,제주 지역 술,"￦18,000 (가격은 판매처 별로 상이할 수 있습니다)"
572,젤코바 스페셜와인,젤코바 스페셜와인,"375ml ￦17,000, 
                                        500ml ￦25,000, 
                                        750ml ￦36,000 (가격은 판매처 별로 상이할 수 있습니다)"
573,젤코바 캠벨와인,젤코바 캠벨와인,"￦62,500 (가격은 판매처 별로 상이할 수 있습니다)"
574,젤코바 프리미엄 와인,젤코바 프리미엄와인,"500ml ￦33,000, 
                                        750ml ￦50,000 (가격은 판매처 별로 상이할 수 있습니다)"
575,조선주조사,조선주조사,"300ml ￦4,000, 
                                        700ml ￦9,000 (가격은 판매처 별로 상이할 수 있습니다)"
576,주교주,,
577,주몽복분자주,주몽 복분자주,"￦5,000(가격은 판매처 별로 상이할 수 있습니다.)"
578,주산지 막걸리,주산지 막걸리,"￦1,200 (가격은 판매처 별로 상이할 수 있습니다)"
579,주향담을,회연서원,"￦1,200 (가격은 판매처 별로 상이할 수 있습니다)"
580,주향아라,네이멍구자치구,"￦1,200 (가격은 판매처 별로 상이할 수 있습니다)"
581,주홍춘,,
582,죽력고,죽력고,"￦60,000(가격은 판매처 별로 상이할 수 있습니다.)"
583,죽향 생 막걸리,죽향 생막걸리,"￦2,000 (가격은 판매처 별로 상이할 수 있습니다)"
584,죽향41,옥천군,"￦2,000 (가격은 판매처 별로 상이할 수 있습니다)"
585,줄포 생막걸리,줄포 생 막걸리,"￦1,200(가격은 판매처 별로 상이할 수 있습니다.)"
586,지란지교,지란지교,"￦1,200(가격은 판매처 별로 상이할 수 있습니다.)"
587,지란지교 무화과 탁주,술의 부재료,"￦1,200(가격은 판매처 별로 상이할 수 있습니다.)"
588,지란지교 약주,,
589,지리산 강쇠,강쇠,"￦2,500(가격은 판매처 별로 상이할 수 있습니다.)"
590,지리산 정담 생쌀 막걸리,지리산 정담 생쌀 막걸리,"￦1,500(가격은 판매처 별로 상이할 수 있습니다.)"
591,지리산 허브잎술 쌀 막걸리,지리산 허브잎 술,"￦1,500(가격은 판매처 별로 상이할 수 있습니다.)"
592,지장수 호박 생 막걸리,지장수 호박 생 막걸리,"￦1,400 (가격은 판매처 별로 상이할 수 있습니다.)"
593,지장수 호박막걸리,지장수 호박 막걸리,"￦5,000 (가격은 판매처 별로 상이할 수 있습니다.)"
594,지평 생 쌀막걸리,지평 생 쌀막걸리 (700ml),"￦1,650 (가격은 판매처 별로 상이할 수 있습니다.)"
595,지평 생 옛막걸리,지평 생 옛막걸리,"￦2,500 (가격은 판매처 별로 상이할 수 있습니다.)"
596,지평 이랑이랑,,
597,진도홍주 루비콘,진도홍주 루비콘,"￦10,000(가격은 판매처 별로 상이할 수 있습니다.)"
598,"진도홍주 아라리35%, 루비콘40%",진도홍주 루비콘,"￦10,000(가격은 판매처 별로 상이할 수 있습니다.)"
599,"진도홍주, 만홍",진도 홍주,"￦10,000(가격은 판매처 별로 상이할 수 있습니다.)"
600,진맥 소주,진맥소주,"￦10,000(가격은 판매처 별로 상이할 수 있습니다.)"
601,진맥소주 22%,진맥소주 22%,"￦22,000 (가격은 판매처 별로 상이할 수 있습니다)"
602,"진심홍삼인삼주 38%, 19%",진심 홍삼 인삼주,"￦22,000 (가격은 판매처 별로 상이할 수 있습니다)"
603,진쾌남,진쾌남,"￦8,500(가격은 판매처 별로 상이할 수 있습니다.)"
604,징기스칸,칭기즈칸,"￦8,500(가격은 판매처 별로 상이할 수 있습니다.)"
605,참동이 허브잎술,참동이 허브잎 술,"￦8,500(가격은 판매처 별로 상이할 수 있습니다.)"
606,찹쌀 생막걸리 12도,해창 생 막걸리 12도,"￦10,000 (가격은 판매처 별로 상이할 수 있습니다.)"
607,찹쌀생막걸리 9도,해창 생막걸리 9도,"￦6,000 (가격은 판매처 별로 상이할 수 있습니다.)"
608,천마이야기 막걸리,천마 이야기 막걸리,"￦1,500(가격은 판매처 별로 상이할 수 있습니다.)"
609,천매,천매,"￦130,000(가격은 판매처 별로 상이할 수 있습니다.)"
610,천비향 오양주 약주,천비향 오양주 약주,"￦40,000(가격은 판매처 별로 상이할 수 있습니다.)"
611,천비향 오양주 탁주,천비향 오양주 탁주,"￦18,000(가격은 판매처 별로 상이할 수 있습니다.)"
612,천비향 화주,천비향 화주,"￦50,000(가격은 판매처 별로 상이할 수 있습니다.)"
613,천안연미주,천안 연미주,"￦5,000(가격은 판매처 별로 상이할 수 있습니다.)"
614,천지향 증류주,,
615,청명주,청명주 500,"￦23,000(가격은 판매처 별로 상이할 수 있습니다.)"
616,청명주 750,청명주 750,"￦36,000(가격은 판매처 별로 상이할 수 있습니다.)"
617,청세주,청세주,"￦4,000 (가격은 판매처 별로 상이할 수 있습니다.)"
618,청양둔송구기주,청양 둔송 구기주,"￦23,000(700ml*2병)(가격은 판매처 별로 상이할 수 있습니다.)"
619,청주신선주탁주,청주 신선주,"￦23,000(700ml*2병)(가격은 판매처 별로 상이할 수 있습니다.)"
620,청진주,청진주,"￦30,000(가격은 판매처 별로 상이할 수 있습니다.)"
621,초련 주정강화 와인,주정강화 와인의 제작,"￦30,000(가격은 판매처 별로 상이할 수 있습니다.)"
622,초선의 꿈,초선의 꿈 (로제),"￦20,000 (가격은 판매처 별로 상이할 수 있습니다.)"
623,추사 로제,추사 로제,"￦20,000(가격은 판매처 별로 상이할 수 있습니다.)"
624,추사 블루베리 와인,추사블루,"￦20,000(가격은 판매처 별로 상이할 수 있습니다.)"
625,추사 애플와인,추사 애플와인,"￦20,000(가격은 판매처 별로 상이할 수 있습니다.)"
626,추사40,추사40,"￦60,000(가격은 판매처 별로 상이할 수 있습니다.)"
627,추사47,노고산 독재동 추사 필적 암각문,"￦60,000(가격은 판매처 별로 상이할 수 있습니다.)"
628,추사백25,,
629,추사백40 사과 증류식 소주,황금보리소주40,"￦78,500(375ml*5병)(가격은 판매처 별로 상이할 수 있습니다)"
630,추성주,추성주,"￦78,500(375ml*5병)(가격은 판매처 별로 상이할 수 있습니다)"
631,커피냑,,
632,커피와인 톡시,와인 아로마 - 커피,"￦78,500(375ml*5병)(가격은 판매처 별로 상이할 수 있습니다)"
633,"코이버펑크, 머스캣 베일리 에이 2017","코이버펑크, 머스캣 베일리 에이 2017 ",가격정보없음 (판매처별로 가격이 다를 수 있습니다.)
634,"코이버펑크, 샤르도네 세미용 2018","코이버펑크, 샤르도네 세미용 2018 ",가격정보없음 (판매처별로 가격이 다를 수 있습니다.)
635,"코이버펑크, 카베르네 소비뇽 2019",컬트 카베르네 소비뇽 2019,가격정보없음 (판매처별로 가격이 다를 수 있습니다.)
636,쿨샷 7.5,쿨샷7.5,"￦60,000(300ml*20병)(가격은 판매처 별로 상이할 수 있습니다.)"
637,키위술,,
638,타락40,40주년,"￦60,000(300ml*20병)(가격은 판매처 별로 상이할 수 있습니다.)"
639,타미앙스,타미앙스,"￦50,000 (가격은 판매처 별로 상이할 수 있습니다.)"
640,토끼 소주,"환경과 경제, 두 마리 토끼를 잡는 ‘빈용기보증금제도’ ","￦50,000 (가격은 판매처 별로 상이할 수 있습니다.)"
641,토끼구름,,
642,톡 한잔 소주,톡 한잔 소주,"￦10,000(가격은 판매처 별로 상이할 수 있습니다.)"
643,톡쏘는 고구마동동,톡 쏘는 알밤동동,"￦1,300 (가격은 판매처 별로 상이할 수 있습니다.)"
644,톡쏘는 쌀 막걸리,톡쏘는 쌀막걸리,"￦1,300 (가격은 판매처 별로 상이할 수 있습니다.)"
645,톡쏘는 알밤동동,톡 쏘는 알밤동동,"￦1,300 (가격은 판매처 별로 상이할 수 있습니다.)"
646,톡쏘는 옥수수동동,톡 쏘는 알밤동동,"￦1,300 (가격은 판매처 별로 상이할 수 있습니다.)"
647,티나(TINA),티나(TINA),"￦54,000 (가격은 판매처 별로 상이할 수 있습니다)"
648,팔공산미나리 생막걸리,성포 생막걸리,"￦1,100 (가격은 판매처 별로 상이할 수 있습니다)"
649,팔팔막걸리,기주떡,"￦1,100 (가격은 판매처 별로 상이할 수 있습니다)"
650,편백숲 산소막걸리,편백숲 산소막걸리,"￦1,900 (가격은 판매처 별로 상이할 수 있습니다)"
651,편백숲 산소막걸리 딸기 스파클링,편백숲 산소막걸리 딸기스파클링,"￦41,000 (가격은 판매처 별로 상이할 수 있습니다)"
652,편백숲 산소막걸리 순수령,편백숲 산소막걸리 순수령,"￦4,000 (가격은 판매처 별로 상이할 수 있습니다)"
653,편백숲 산소막걸리 순수령 8%,편백숲 산소막걸리 순수령,"￦4,000 (가격은 판매처 별로 상이할 수 있습니다)"
654,편백숲 산소막걸리 스파클링,편백숲 산소막걸리 딸기스파클링,"￦41,000 (가격은 판매처 별로 상이할 수 있습니다)"
655,포엠 로제와인,포엠 화이트와인,"￦35,000 (가격은 판매처 별로 상이할 수 있습니다)"
656,포엠 화이트와인,포엠 화이트와인,"￦35,000 (가격은 판매처 별로 상이할 수 있습니다)"
657,포항불로주,청송 불로주,"￦35,000 (가격은 판매처 별로 상이할 수 있습니다)"
658,풍정사계 동(冬),풍정사계 동(冬),"￦25,000(25%), 
                                        ￦35,000(42%)(가격은 판매처 별로 상이할 수 있습니다.)"
659,풍정사계 추(秋),풍정사계 추(秋),"￦15,000(가격은 판매처 별로 상이할 수 있습니다.)"
660,풍정사계 춘(春),풍정사계 춘(春),"￦30,000(가격은 판매처 별로 상이할 수 있습니다.)"
661,프리미엄 애플와인 한스오차드,한스오차드 사과와인,"￦20,000(가격은 판매처 별로 상이할 수 있습니다.)"
662,필,필,"￦20,000(가격은 판매처 별로 상이할 수 있습니다.)"
663,필,필,"￦20,000(가격은 판매처 별로 상이할 수 있습니다.)"
664,하얀까마귀,하얀 까마귀,"￦20,000(가격은 판매처 별로 상이할 수 있습니다.)"
665,하얀연꽃 백련막걸리,생 하얀연꽃 백련 막걸리,"￦20,000(가격은 판매처 별로 상이할 수 있습니다.)"
666,하얀연꽃 백련맑은 술,백련 맑은술,"￦7,000 (가격은 판매처 별로 상이할 수 있습니다.)"
667,하얀연꽃 백련생막걸리,생 하얀연꽃 백련 막걸리,"￦7,000 (가격은 판매처 별로 상이할 수 있습니다.)"
668,하향주,하향주(양주방 외),"￦7,000 (가격은 판매처 별로 상이할 수 있습니다.)"
669,한강의설레임,,
670,한비 동충하초술,한비 동충하초술,"￦30,000(375ml), ￦50,000(750ml)(가격은 판매처 별로 상이할 수 있습니다.)"
671,한비 무병장수술,한비 무병장수술,"￦30,000(375ml), ￦50,000(750ml)(가격은 판매처 별로 상이할 수 있습니다.)"
672,한비 쌀소주,한비 쌀소주,"￦30,000(375ml), ￦40,000(750ml)(가격은 판매처 별로 상이할 수 있습니다.)"
673,한비 오가피술,한비 오가피술,"￦30,000(375ml), ￦50,000(750ml)(가격은 판매처 별로 상이할 수 있습니다.)"
674,한비 유자술,,
675,한비오가피술골드,한비 오가피술,"￦30,000(375ml), ￦50,000(750ml)(가격은 판매처 별로 상이할 수 있습니다.)"
676,한산 소곡화주,예담은 한산소곡화주,"￦30,000(가격은 판매처 별로 상이할 수 있습니다.)"
677,한산소곡주,한산소곡주 360ml,"￦6,500 (가격은 판매처 별로 상이할 수 있습니다.)"
678,한산예담은 한산소곡화주,예담은 한산소곡화주,"￦30,000(가격은 판매처 별로 상이할 수 있습니다.)"
679,한스오차드 사과와인,한스오차드 사과와인,"￦20,000(가격은 판매처 별로 상이할 수 있습니다.)"
680,한주,한주,"￦12,000(가격은 판매처 별로 상이할 수 있습니다.)"
681,해남진양주,해남 진양주,"￦12,000(가격은 판매처 별로 상이할 수 있습니다.)"
682,해방주,해방주 38%,"￦45,000(800ml38%)(가격은 판매처 별로 상이할 수 있습니다)"
683,해창 막걸리 9도,해창 생막걸리 9도,"￦6,000 (가격은 판매처 별로 상이할 수 있습니다.)"
684,행운 생유자 동동주,생 행운 동동주,"￦6,000 (가격은 판매처 별로 상이할 수 있습니다.)"
685,허니문,허니문,"￦6,000 (가격은 판매처 별로 상이할 수 있습니다.)"
686,허니비,"강지영, 허니비","￦6,000 (가격은 판매처 별로 상이할 수 있습니다.)"
687,헤베,헤베,"￦6,000 (가격은 판매처 별로 상이할 수 있습니다.)"
688,호담 300ml,호담 300ml,"￦18,000(가격은 판매처 별로 상이할 수 있습니다.)"
689,호담 산양산삼 막걸리,호담 산양산삼 막걸리,"￦16,000(750ml*9병)(가격은 판매처 별로 상이할 수 있습니다.)"
690,호두땅콩막걸리,잣막걸리,"￦16,000(750ml*9병)(가격은 판매처 별로 상이할 수 있습니다.)"
691,호랑이 생 막걸리,호랑이 생 막걸리,"￦2,200 (가격은 판매처 별로 상이할 수 있습니다.)"
692,호랑이배꼽,"선사시대와 우주세계가 이웃하는 곳, 고흥 시호도&외나로도 ","￦2,200 (가격은 판매처 별로 상이할 수 있습니다.)"
693,호모루덴스,호모 루덴스,"￦2,200 (가격은 판매처 별로 상이할 수 있습니다.)"
694,혼,혼,"￦2,200 (가격은 판매처 별로 상이할 수 있습니다.)"
695,혼디주,혼디주,"￦8,000 (가격은 판매처 별로 상이할 수 있습니다)"
696,홍삼명주,홍삼명주 500ml,"￦16,000 (가격은 판매처 별로 상이할 수 있습니다.)"
697,홍시와인,감그린 아이스와인,"￦89,000(가격은 판매처 별로 상이할 수 있습니다.)"
698,홍천강 탁주,홍천강 탁주,"￦10,000 (가격은 판매처 별로 상이할 수 있습니다.)"
699,"화요 41%, 25%, 17%",,
700,화주,화주,"￦13,000(가격은 판매처 별로 상이할 수 있습니다.)"
701,황감찰,,
702,황도배기 햅쌀막걸리,,
703,황진이주,황진이주,"￦13,000(가격은 판매처 별로 상이할 수 있습니다.)"
704,희양산 막걸리 15도,희양산막걸리 9%,"￦8,000 (가격은 판매처 별로 상이할 수 있습니다)"
705,희양산 막걸리 9도,희양산막걸리 9%,"￦8,000 (가격은 판매처 별로 상이할 수 있습니다)"
