,상품명,가격
0,1000억 유산균막걸리,"￦3,200 (가격은 판매처 별로 상이할 수 있습니다)"
1,1932 새싹땅콩 흑미막걸리,"500ml-￦15,000(병제품), 
                                        900ml-￦20,000(PET제품)(가격은 판매처 별로 상이할 수 있습니다.)"
2,국순당 2010 첫술,"500ml-￦15,000(병제품), 
                                        900ml-￦20,000(PET제품)(가격은 판매처 별로 상이할 수 있습니다.)"
3,걍즐겨,"￦6,000 (가격은 판매처 별로 상이할 수 있습니다)"
4,The 찾을수록 시리즈,"￦9,000(360ml*6병)(가격은 판매처 별로 상이할 수 있습니다.)"
5,배다리 프리미엄 막걸리,"￦9,000(360ml*6병)(가격은 판매처 별로 상이할 수 있습니다.)"
6,가야곡 왕주,"￦9,000(360ml*6병)(가격은 판매처 별로 상이할 수 있습니다.)"
7,가평잣 생 막걸리,"￦9,000(360ml*6병)(가격은 판매처 별로 상이할 수 있습니다.)"
8,각시탈,"￦9,000(360ml*6병)(가격은 판매처 별로 상이할 수 있습니다.)"
9,감그린 레귤러,"￦18,000(가격은 판매처 별로 상이할 수 있습니다.)"
10,감그린 스페셜,"￦25,000(가격은 판매처 별로 상이할 수 있습니다.)"
11,감그린 아이스와인,"￦89,000(가격은 판매처 별로 상이할 수 있습니다.)"
12,감사,"￦89,000(가격은 판매처 별로 상이할 수 있습니다.)"
13,(주)블루멈,"￦89,000(가격은 판매처 별로 상이할 수 있습니다.)"
14,감아락 25도,"￦26,000(가격은 판매처 별로 상이할 수 있습니다.)"
15,파주 감악산 머루,"￦26,000(가격은 판매처 별로 상이할 수 있습니다.)"
16,감이슬,"￦10,000 (가격은 판매처 별로 상이할 수 있습니다)"
17,감자술 13%,"￦14,000 (가격은 판매처 별로 상이할 수 있습니다)"
18,강소주,"￦11,000(1,800ml)(가격은 판매처 별로 상이할 수 있습니다.)"
19,걍즐겨,"￦6,000 (가격은 판매처 별로 상이할 수 있습니다)"
20,겨울소주 25,"￦10,000 (가격은 판매처 별로 상이할 수 있습니다)"
21,전주경기전,"￦10,000 (가격은 판매처 별로 상이할 수 있습니다)"
22,특산물,"￦10,000 (가격은 판매처 별로 상이할 수 있습니다)"
23,경주교동법주,"￦10,000 (가격은 판매처 별로 상이할 수 있습니다)"
24,계룡백일주 12년,"￦150,000(가격은 판매처 별로 상이할 수 있습니다.)"
25,계룡산 산삼주 금수강산 21%,"￦110,000(가격은 판매처 별로 상이할 수 있습니다.)"
26,계룡산 산삼주 금수강산 40%,"￦150,000(가격은 판매처 별로 상이할 수 있습니다.)"
27,고도리 레드와인 스위트,"￦22,000(가격은 판매처 별로 상이할 수 있습니다.)"
28,로제 와인,"￦22,000(가격은 판매처 별로 상이할 수 있습니다.)"
29,고도리 복숭아와인,"￦32,000(가격은 판매처 별로 상이할 수 있습니다.)"
30,고도리 화이트와인 드라이,"￦22,000(가격은 판매처 별로 상이할 수 있습니다.)"
31,고도리 복숭아와인,"￦32,000(가격은 판매처 별로 상이할 수 있습니다.)"
32,고도리 화이트와인 드라이,"￦22,000(가격은 판매처 별로 상이할 수 있습니다.)"
33,고도리 화이트와인 스위트,"￦22,000(가격은 판매처 별로 상이할 수 있습니다.)"
34,제주 고소리술,"￦45,000(가격은 판매처 별로 상이할 수 있습니다.)"
35,고운달 백자,"￦360,000(500ml), ￦180,000(200ml)(가격은 판매처 별로 상이할 수 있습니다.)"
36,고운달 오크,"￦360,000(500ml), ￦180,000(200ml)(가격은 판매처 별로 상이할 수 있습니다.)"
37,고창선운산 땡큐복분자주,"￦50,000(300ml*20병)(가격은 판매처 별로 상이할 수 있습니다.)"
38,고창선운산 땡큐블루베리주,"￦60,000(300ml*20병)(가격은 판매처 별로 상이할 수 있습니다.)"
39,고창선운산 복분자주 특1호,"￦27,000(가격은 판매처 별로 상이할 수 있습니다.)"
40,강화 고향 인삼 막걸리,"￦27,000(가격은 판매처 별로 상이할 수 있습니다.)"
41,정선명주 생막걸리 곤드레,"￦27,000(가격은 판매처 별로 상이할 수 있습니다.)"
42,공주알밤축제,"￦27,000(가격은 판매처 별로 상이할 수 있습니다.)"
43,공주애 오디와인,"￦6,000(가격은 판매처 별로 상이할 수 있습니다.)"
44,호놀룰루 대한민국총영사관,"￦6,000(가격은 판매처 별로 상이할 수 있습니다.)"
45,김천 과하주 23도,"￦22,000(가격은 판매처 별로 상이할 수 있습니다.)"
46,매실 막걸리,"￦3,500(가격은 판매처 별로 상이할 수 있습니다.)"
47,포천 생 쌀막걸리 GOLD,"￦3,500(가격은 판매처 별로 상이할 수 있습니다.)"
48,괴산 산막이시장,"￦3,500(가격은 판매처 별로 상이할 수 있습니다.)"
49,구기홍주 14,"360ml ￦10,000, 
                                        750ml ￦16,000 (가격은 판매처 별로 상이할 수 있습니다)"
50,구름을 벗삼아,"￦1,500 (가격은 판매처별로 상이할 수 있습니다.)"
51,구암 대추막걸리,"￦1,500 (가격은 판매처별로 상이할 수 있습니다.)"
52,국순당 생막걸리,"￦1,500 (가격은 판매처별로 상이할 수 있습니다.)"
53,이화주 요구르트 칵테일,"￦1,500 (가격은 판매처별로 상이할 수 있습니다.)"
54,귀감,"￦1,500 (가격은 판매처별로 상이할 수 있습니다.)"
55,그랑꼬또 M56,"￦21,000(가격은 판매처 별로 상이할 수 있습니다.)"
56,그랑꼬또 레드와인,"￦35,000 (가격은 판매처 별로 상이할 수 있습니다)"
57,그랑꼬또 로제와인,"￦21,000(가격은 판매처 별로 상이할 수 있습니다.)"
58,그랑꼬또 청수,"￦60,000(가격은 판매처 별로 상이할 수 있습니다.)"
59,그랑티그르CE2002,"￦40,000 (가격은 판매처 별로 상이할 수 있습니다)"
60,그랑티그르M1988,"￦40,000 (가격은 판매처 별로 상이할 수 있습니다)"
61,그리움,"￦40,000 (가격은 판매처 별로 상이할 수 있습니다)"
62,금과의 대외관계와 바다,"￦40,000 (가격은 판매처 별로 상이할 수 있습니다)"
63,금산 인삼백주,"￦40,000 (가격은 판매처 별로 상이할 수 있습니다)"
64,금산인삼주,"￦12,000(375ml*3병)(가격은 판매처 별로 상이할 수 있습니다.)"
65,금산인삼주 수삼단본 720ml 23도 ,"￦32,000(가격은 판매처 별로 상이할 수 있습니다.)"
66,금설,"￦32,000(가격은 판매처 별로 상이할 수 있습니다.)"
67,금정산성 막걸리,"￦19,000(750ml*10병)(가격은 판매처 별로 상이할 수 있습니다.)"
68,금휘,"￦19,000(750ml*10병)(가격은 판매처 별로 상이할 수 있습니다.)"
69,기다림 16,"￦11,000 (가격은 판매처 별로 상이할 수 있습니다)"
70,기다림 25,"￦9,900 (가격은 판매처 별로 상이할 수 있습니다)"
71,기다림 34,"￦15,000 (가격은 판매처 별로 상이할 수 있습니다)"
72,기다림 맑은술,"￦25,000 (가격은 판매처 별로 상이할 수 있습니다)"
73,김포 막걸리,"￦1,200(가격은 판매처 별로 상이할 수 있습니다.)"
74,김포별주,"￦4,000(가격은 판매처 별로 상이할 수 있습니다.)"
75,김포약주 PET,"￦9,000(가격은 판매처 별로 상이할 수 있습니다.)"
76,김포예주 프리미엄,"￦15,000(가격은 판매처 별로 상이할 수 있습니다.)"
77,김포예주 프리미엄,"￦15,000(가격은 판매처 별로 상이할 수 있습니다.)"
78,김포특주,"￦3,000(가격은 판매처 별로 상이할 수 있습니다.)"
79,까메오 막걸리,"￦5,000 (가격은 판매처 별로 상이할 수 있습니다.)"
80,사쿠라 와인,"58,000원 (판매처별로 가격이 다를 수 있습니다.)"
81,청산녹수 꿀막걸리,"￦18,000(750ml*12병 세트)(가격은 판매처 별로 상이할 수 있습니다.)"
82,꽃안꿀샘,"￦18,000(750ml*12병 세트)(가격은 판매처 별로 상이할 수 있습니다.)"
83,스위트 와인,"￦18,000(750ml*12병 세트)(가격은 판매처 별로 상이할 수 있습니다.)"
84,해창 생막걸리 6도,"￦3,000 (가격은 판매처 별로 상이할 수 있습니다.)"
85,남산애 레드와인,"￦45,000 (가격은 판매처 별로 상이할 수 있습니다)"
86,남산애 포트와인,"￦55,000 (가격은 판매처 별로 상이할 수 있습니다)"
87,광주남한산성소주,"￦55,000 (가격은 판매처 별로 상이할 수 있습니다)"
88,내장산 복분자주 지통1호,"￦18,000 (가격은 판매처 별로 상이할 수 있습니다.)"
89,해창 생막걸리 9도,"￦6,000 (가격은 판매처 별로 상이할 수 있습니다.)"
90,홍천강 탁주,"￦10,000 (가격은 판매처 별로 상이할 수 있습니다.)"
91,너와셰프 머루와인발효 식초음료,"￦10,000 (가격은 판매처 별로 상이할 수 있습니다.)"
92,녹고의 눈물,"￦23,000(가격은 판매처 별로 상이할 수 있습니다.)"
93,녹천 소곡화주 480ml,"￦45,000(가격은 판매처 별로 상이할 수 있습니다.)"
94,녹천 소곡화주 500ml,"￦22,000(가격은 판매처 별로 상이할 수 있습니다.)"
95,녹파주,"￦35,000(가격은 판매처 별로 상이할 수 있습니다.)"
96,느낌 19.8,"￦4,000 (가격은 판매처 별로 상이할 수 있습니다)"
97,느낌 30,"￦6,500 (가격은 판매처 별로 상이할 수 있습니다)"
98,느린마을 막걸리,"￦2,300 (가격은 판매처 별로 상이할 수 있습니다.)"
99,느린마을 막걸리,"￦2,300 (가격은 판매처 별로 상이할 수 있습니다.)"
100,느린마을양조장 청송양원,"￦2,300 (가격은 판매처 별로 상이할 수 있습니다.)"
101,진맥소주 22%,"￦22,000 (가격은 판매처 별로 상이할 수 있습니다)"
102,능이주,"￦12,000(가격은 판매처 별로 상이할 수 있습니다.)"
103,니모메,"￦36,000(375ml*3병)(가격은 판매처 별로 상이할 수 있습니다.)"
104,님그려 겨오든 잠에,"￦36,000(375ml*3병)(가격은 판매처 별로 상이할 수 있습니다.)"
105,다래와인 3004,"￦10,000(가격은 판매처 별로 상이할 수 있습니다.)"
106,다래와인 7004D,"￦28,000(가격은 판매처 별로 상이할 수 있습니다.)"
107,다래와인 7004S,"￦18,000(가격은 판매처 별로 상이할 수 있습니다.)"
108,다랭이팜 유자 막걸리,"￦4,000 (가격은 판매처 별로 상이할 수 있습니다.)"
109,다랭이팜 유자 막걸리,"￦4,000 (가격은 판매처 별로 상이할 수 있습니다.)"
110,전문용어,"￦4,000 (가격은 판매처 별로 상이할 수 있습니다.)"
111,향양리,"￦4,000 (가격은 판매처 별로 상이할 수 있습니다.)"
112,진주의 교통,"￦4,000 (가격은 판매처 별로 상이할 수 있습니다.)"
113,담솔,"￦22,000 (가격은 판매처 별로 상이할 수 있습니다.)"
114,담양 죽력고,"￦13,000 (가격은 판매처 별로 상이할 수 있습니다)"
115,담은,"￦15,000(가격은 판매처 별로 상이할 수 있습니다.)"
116,작시견지,"￦15,000(가격은 판매처 별로 상이할 수 있습니다.)"
117,대관람차,"￦15,000(가격은 판매처 별로 상이할 수 있습니다.)"
118,대관령 복분자주,"￦13,000(가격은 판매처 별로 상이할 수 있습니다.)"
119,전라 · 광주 지역 술,"￦13,000(가격은 판매처 별로 상이할 수 있습니다.)"
120,대윤 가야곡 왕주,"￦4,000(가격은 판매처 별로 상이할 수 있습니다.)"
121,대잎술,"￦4,000(가격은 판매처 별로 상이할 수 있습니다.)"
122,광명 이원익 친필유묵,"￦4,000(가격은 판매처 별로 상이할 수 있습니다.)"
123,대잎술,"￦4,000(가격은 판매처 별로 상이할 수 있습니다.)"
124,죽통주,"￦4,000(가격은 판매처 별로 상이할 수 있습니다.)"
125,영일만친구 막걸리,"￦15,000(750ml*9병)(가격은 판매처 별로 상이할 수 있습니다)"
126,도깨비술 7%,"￦8,000 (가격은 판매처 별로 상이할 수 있습니다)"
127,도깨비술 7%,"￦8,000 (가격은 판매처 별로 상이할 수 있습니다)"
128,도깨비술 9%,"￦10,000 (가격은 판매처 별로 상이할 수 있습니다)"
129,도로시 머루주,"￦25,000 (가격은 판매처 별로 상이할 수 있습니다)"
130,도문대작 생막걸리,"￦3,000(가격은 판매처 별로 상이할 수 있습니다.)"
131,도원결의,"￦3,000(가격은 판매처 별로 상이할 수 있습니다.)"
132,독산 53,"￦25,000 (가격은 판매처 별로 상이할 수 있습니다)"
133,동강더덕주,"￦3,500(가격은 판매처 별로 상이할 수 있습니다.)"
134,동래 정씨,"￦3,500(가격은 판매처 별로 상이할 수 있습니다.)"
135,동몽,"￦30,000 (가격은 판매처 별로 상이할 수 있습니다.)"
136,쌀 생막걸리(우리쌀 생막걸리),"￦30,000 (가격은 판매처 별로 상이할 수 있습니다.)"
137,동정춘,"￦18,000(가격은 판매처 별로 상이할 수 있습니다.)"
138,동짓달 기나긴 밤을,"￦18,000(가격은 판매처 별로 상이할 수 있습니다.)"
139,동학 1957,"375ml ￦3,500, 
                                        700ml ￦7,200 (가격은 판매처 별로 상이할 수 있습니다)"
140,동해 동동주,"￦15,000(750ml*9병)(가격은 판매처 별로 상이할 수 있습니다)"
141,두레앙 증류주,"￦35,000(가격은 판매처 별로 상이할 수 있습니다.)"
142,두레앙 22,"￦5,000 (가격은 판매처 별로 상이할 수 있습니다)"
143,특산물,"￦5,000 (가격은 판매처 별로 상이할 수 있습니다)"
144,두레앙 와인,"￦15,000(가격은 판매처 별로 상이할 수 있습니다.)"
145,두리향,"￦36,000 (가격은 판매처 별로 상이할 수 있습니다)"
146,라이스퐁당 13,"￦15,000 (가격은 판매처 별로 상이할 수 있습니다)"
147,논공 토마토,"￦15,000 (가격은 판매처 별로 상이할 수 있습니다)"
148,레돔 내추럴 스파클링 로제와인,"￦38,000 (가격은 판매처 별로 상이할 수 있습니다)"
149,레돔 시드르,"￦32,000 (가격은 판매처 별로 상이할 수 있습니다)"
150,크라테 레드와인 드라이,"￦48,000 (가격은 판매처 별로 상이할 수 있습니다)"
151,Raising a Cup for a Drink ,"￦48,000 (가격은 판매처 별로 상이할 수 있습니다)"
152,려,"￦48,000 (가격은 판매처 별로 상이할 수 있습니다)"
153,"19 크라임스, 레드 블랜드 2017 ","45,000원 (판매처별로 가격이 다를 수 있습니다.)"
154,배도가 로아 40도 옐로우,"￦20,000(가격은 판매처 별로 상이할 수 있습니다.)"
155,배도가 로아 40도 옐로우,"￦20,000(가격은 판매처 별로 상이할 수 있습니다.)"
156,배도가 로아 40도 옐로우,"￦20,000(가격은 판매처 별로 상이할 수 있습니다.)"
157,배도가 로아 40도 옐로우,"￦20,000(가격은 판매처 별로 상이할 수 있습니다.)"
158,배도가 로아 40도 옐로우,"￦20,000(가격은 판매처 별로 상이할 수 있습니다.)"
159,경상 · 대구 · 부산 · 울산 지역 술 ,"￦20,000(가격은 판매처 별로 상이할 수 있습니다.)"
160,포엠 로제와인,"￦35,000 (가격은 판매처 별로 상이할 수 있습니다)"
161,로제 와인,"￦35,000 (가격은 판매처 별로 상이할 수 있습니다)"
162,르깔롱,"￦35,000 (가격은 판매처 별로 상이할 수 있습니다)"
163,마주 소곡주,"￦17,000 (가격은 판매처 별로 상이할 수 있습니다)"
164,마주 소곡화주,"￦25,000 (가격은 판매처 별로 상이할 수 있습니다)"
165,막시모40,"￦49,000 (가격은 판매처 별로 상이할 수 있습니다)"
166,만강에 비친 달,"￦12,000 (가격은 판매처 별로 상이할 수 있습니다.)"
167,산삼가득막걸리,"￦12,000 (가격은 판매처 별로 상이할 수 있습니다.)"
168,동곡 막걸리,"￦12,000 (가격은 판매처 별로 상이할 수 있습니다.)"
169,맑은 문희주,"￦36,000 (가격은 판매처 별로 상이할 수 있습니다.)"
170,맑은 내일,"￦36,000 (가격은 판매처 별로 상이할 수 있습니다.)"
171,맑은내일 발효막걸리,"750ml ￦2,200, 
                                        1,000ml ￦6,500 (가격은 판매처 별로 상이할 수 있습니다)"
172,맑은내일 발효막걸리,"750ml ￦2,200, 
                                        1,000ml ￦6,500 (가격은 판매처 별로 상이할 수 있습니다)"
173,맑은내일 우포,"325ml ￦5,000, 
                                        500ml ￦7,000 (가격은 판매처 별로 상이할 수 있습니다)"
174,맑은 내일,"325ml ￦5,000, 
                                        500ml ￦7,000 (가격은 판매처 별로 상이할 수 있습니다)"
175,제주도에 흠뻑 취하다 <제주 주류기행> ,"325ml ￦5,000, 
                                        500ml ￦7,000 (가격은 판매처 별로 상이할 수 있습니다)"
176,맑은술 해밀,"￦25,000 (가격은 판매처 별로 상이할 수 있습니다)"
177,매실 막걸리,"￦3,500(가격은 판매처 별로 상이할 수 있습니다.)"
178,매실원주 15도,"￦6,000(가격은 판매처 별로 상이할 수 있습니다.)"
179,탁테일 '매실',"￦6,000(가격은 판매처 별로 상이할 수 있습니다.)"
180,매실향기 담은 술,"￦6,000 (가격은 판매처 별로 상이할 수 있습니다)"
181,매아랑,"￦6,000 (가격은 판매처 별로 상이할 수 있습니다)"
182,매화주,"￦6,000 (가격은 판매처 별로 상이할 수 있습니다)"
183,매화마름,"￦6,000 (가격은 판매처 별로 상이할 수 있습니다)"
184,호랑이 막걸리,"￦6,000 (가격은 판매처 별로 상이할 수 있습니다)"
185,머루 이야기,"￦6,000(가격은 판매처 별로 상이할 수 있습니다.)"
186,메로니아,"￦2,000 (가격은 판매처 별로 상이할 수 있습니다.)"
187,메로니아,"￦2,000 (가격은 판매처 별로 상이할 수 있습니다.)"
188,메밀로,"￦150,000 (가격은 판매처 별로 상이할 수 있습니다)"
189,메밀,"￦150,000 (가격은 판매처 별로 상이할 수 있습니다)"
190,면천두견주 360,"￦32,000(360ml*4병)(가격은 판매처 별로 상이할 수 있습니다.)"
191,면천두견주 700,"￦30,000(700ml*2병)(가격은 판매처 별로 상이할 수 있습니다.)"
192,복분자주,"￦20,000 (가격은 판매처 별로 상이할 수 있습니다.)"
193,명인안동소주,"￦20,000 (가격은 판매처 별로 상이할 수 있습니다.)"
194,명인 안동소주 22도,"￦27,000(360ml*6병)(가격은 판매처 별로 상이할 수 있습니다.)"
195,명인 안동소주 양반탈,"￦35,000(가격은 판매처 별로 상이할 수 있습니다.)"
196,안동 농특산품 & 안동 전통음식 ,"￦35,000(가격은 판매처 별로 상이할 수 있습니다.)"
197,명인 홍삼주,"￦12,000(375ml*3병)(가격은 판매처 별로 상이할 수 있습니다.)"
198,명작 복분자,"￦78,000(375ml*12병)(가격은 판매처 별로 상이할 수 있습니다.)"
199,모든 성인의 날 대축일,"￦78,000(375ml*12병)(가격은 판매처 별로 상이할 수 있습니다.)"
200,모리,"￦78,000(375ml*12병)(가격은 판매처 별로 상이할 수 있습니다.)"
201,모월 로,"￦25,000 (가격은 판매처 별로 상이할 수 있습니다)"
202,모월 연,"￦18,000 (가격은 판매처 별로 상이할 수 있습니다)"
203,모월 인,"￦40,000 (가격은 판매처 별로 상이할 수 있습니다)"
204,모월 청,"￦21,000 (가격은 판매처 별로 상이할 수 있습니다)"
205,일련사건 2,"￦21,000 (가격은 판매처 별로 상이할 수 있습니다)"
206,일련사건 2,"￦21,000 (가격은 판매처 별로 상이할 수 있습니다)"
207,모을동주 약주,"￦13,000 (가격은 판매처 별로 상이할 수 있습니다)"
208,무주 구천동 머루와인,"￦25,000(가격은 판매처 별로 상이할 수 있습니다.)"
209,무주 구천동 산머루주,"￦15,000(가격은 판매처 별로 상이할 수 있습니다.)"
210,문경바람 백자 25%,"￦30,000(750ml), ￦16,000(375ml)(가격은 판매처 별로 상이할 수 있습니다.)"
211,문경바람 백자 40%,"￦40,000(750ml), ￦24,000(375ml)(가격은 판매처 별로 상이할 수 있습니다.)"
212,문경바람 오크,"￦44,000(750ml), ￦28,000(375ml)(가격은 판매처 별로 상이할 수 있습니다.)"
213,문배술,"￦44,000(750ml), ￦28,000(375ml)(가격은 판매처 별로 상이할 수 있습니다.)"
214,문배술 헤리티지 25도,"￦55,000(375ml*9병)(가격은 판매처 별로 상이할 수 있습니다.)"
215,문배술 헤리티지 40도,"￦48,000(200ml*4병)(가격은 판매처 별로 상이할 수 있습니다.)"
216,문희 (오미자),"￦21,000 / ￦18,000 (가격은 판매처별로 상이할 수 있습니다.)"
217,미담,"￦21,000 / ￦18,000 (가격은 판매처별로 상이할 수 있습니다.)"
218,몰약,"￦21,000 / ￦18,000 (가격은 판매처별로 상이할 수 있습니다.)"
219,도쿄 역 & 긴자 & 오다이바,"￦21,000 / ￦18,000 (가격은 판매처별로 상이할 수 있습니다.)"
220,포엠 화이트와인,"￦35,000 (가격은 판매처 별로 상이할 수 있습니다)"
221,미생 막걸리,"￦1,100(가격은 판매처 별로 상이할 수 있습니다.)"
222,미소 생막걸리,"￦1,500(가격은 판매처 별로 상이할 수 있습니다.)"
223,미소 아이스,"￦40,000 (가격은 판매처 별로 상이할 수 있습니다.)"
224,미인탁주,"￦15,000(가격은 판매처 별로 상이할 수 있습니다.)"
225,미인탁주,"￦15,000(가격은 판매처 별로 상이할 수 있습니다.)"
226,배상면주가,"￦15,000(가격은 판매처 별로 상이할 수 있습니다.)"
227,경상 · 대구 · 부산 · 울산 지역 술 ,"￦15,000(가격은 판매처 별로 상이할 수 있습니다.)"
228,바나나 주,"￦1,700 (가격은 판매처 별로 상이할 수 있습니다.)"
229,바랑 탁,"￦18,000 (가격은 판매처 별로 상이할 수 있습니다)"
230,밤꽃향기,"￦4,000(가격은 판매처 별로 상이할 수 있습니다.)"
231,밤,"￦4,000(가격은 판매처 별로 상이할 수 있습니다.)"
232,방문주 약주,"￦7,000 (가격은 판매처 별로 상이할 수 있습니다)"
233,방문주 탁주,"￦6,000 (가격은 판매처 별로 상이할 수 있습니다)"
234,보리필무렵,"￦6,000 (가격은 판매처 별로 상이할 수 있습니다)"
235,배꽃담은 연 생막걸리,"￦20,000 (가격은 판매처 별로 상이할 수 있습니다)"
236,배도가 로아 40도 옐로우,"￦20,000(가격은 판매처 별로 상이할 수 있습니다.)"
237,경상 · 대구 · 부산 · 울산 지역 술 ,"￦20,000(가격은 판매처 별로 상이할 수 있습니다.)"
238,남은 이야기,"￦20,000(가격은 판매처 별로 상이할 수 있습니다.)"
239,백년향,"￦33,000(500ml*3병)(가격은 판매처 별로 상이할 수 있습니다)"
240,백련 맑은술,"￦7,000 (가격은 판매처 별로 상이할 수 있습니다.)"
241,백련 생막걸리 snow (스노우),"￦1,600 (가격은 판매처 별로 상이할 수 있습니다.)"
242,백수환동주,"￦1,600 (가격은 판매처 별로 상이할 수 있습니다.)"
243,백운 복분자 와인,"￦7,000(가격은 판매처 별로 상이할 수 있습니다.)"
244,백운 복분자주,"￦7,000(가격은 판매처 별로 상이할 수 있습니다.)"
245,백자주,"￦18,000(가격은 판매처 별로 상이할 수 있습니다.)"
246,한산주,"￦18,000(가격은 판매처 별로 상이할 수 있습니다.)"
247,뱅꼬레 레드와인,"￦25,000(가격은 판매처 별로 상이할 수 있습니다.)"
248,뱅꼬레 로제와인,"￦23,000(가격은 판매처 별로 상이할 수 있습니다.)"
249,뱅꼬레 아이스와인,"￦90,000(가격은 판매처 별로 상이할 수 있습니다.)"
250,뱅꼬레 화이트와인,"￦23,000(가격은 판매처 별로 상이할 수 있습니다.)"
251,호주 와인 생산자,"￦23,000(가격은 판매처 별로 상이할 수 있습니다.)"
252,베베마루 캠벨로제 스위트,"￦20,000(가격은 판매처 별로 상이할 수 있습니다.)"
253,베베마루 캠벨로제,"￦20,000(가격은 판매처 별로 상이할 수 있습니다.)"
254,베베마루 캠벨로제 스위트,"￦20,000(가격은 판매처 별로 상이할 수 있습니다.)"
255,별바랑,"￦27,000 (가격은 판매처 별로 상이할 수 있습니다)"
256,병영설성 동동주,"￦2,500 (가격은 판매처 별로 상이할 수 있습니다)"
257,병영설성 생막걸리,"￦3,500 (가격은 판매처 별로 상이할 수 있습니다)"
258,병영설성사또,"￦40,000 (가격은 판매처 별로 상이할 수 있습니다)"
259,병영소주,"￦25,000 (가격은 판매처별로 상이할 수 있습니다.)"
260,술헤는밤,"￦5,900 (가격은 판매처 별로 상이할 수 있습니다)"
261,복분자 아락,"￦40,000(가격은 판매처 별로 상이할 수 있습니다.)"
262,복분자음,"￦6,000(가격은 판매처 별로 상이할 수 있습니다.)"
263,복분자주 360,"￦6,000 (가격은 판매처 별로 상이할 수 있습니다.)"
264,복순도가 손막걸리,"￦6,000 (가격은 판매처 별로 상이할 수 있습니다.)"
265,복순도가 손 막걸리,"￦12,000 (가격은 판매처 별로 상이할 수 있습니다.)"
266,복숭아와인,"￦20,000 (가격은 판매처 별로 상이할 수 있습니다)"
267,볼빨간막걸리 10,"￦7,000 (가격은 판매처 별로 상이할 수 있습니다)"
268,볼빨간막걸리 7,"￦5,000 (가격은 판매처 별로 상이할 수 있습니다)"
269,부자 10도,"￦5,000 (가격은 판매처 별로 상이할 수 있습니다)"
270,봉하쌀 생막걸리,"￦2,000 (가격은 판매처 별로 상이할 수 있습니다)"
271,부안 참뽕 막걸리,"￦2,000(가격은 판매처 별로 상이할 수 있습니다.)"
272,부안 참뽕 와인,"￦18,000(가격은 판매처 별로 상이할 수 있습니다.)"
273,부자,"￦18,000(가격은 판매처 별로 상이할 수 있습니다.)"
274,주평역,"￦18,000(가격은 판매처 별로 상이할 수 있습니다.)"
275,오미자,"￦18,000(가격은 판매처 별로 상이할 수 있습니다.)"
276,우리술 우리쌀 막걸리,"￦18,000(가격은 판매처 별로 상이할 수 있습니다.)"
277,불소곡주,"￦30,000(가격은 판매처 별로 상이할 수 있습니다.)"
278,붉은 원숭이,"￦7,000 (가격은 판매처 별로 상이할 수 있습니다.)"
279,블루베리 이야기,"￦6,000(가격은 판매처 별로 상이할 수 있습니다.)"
280,복분자음,"￦6,000(가격은 판매처 별로 상이할 수 있습니다.)"
281,볼빨간막걸리 7,"￦5,000 (가격은 판매처 별로 상이할 수 있습니다)"
282,사과와인,"￦20,000 (가격은 판매처 별로 상이할 수 있습니다)"
283,사미인주,"￦20,000 (가격은 판매처 별로 상이할 수 있습니다)"
284,사시통음주,"￦20,000 (가격은 판매처 별로 상이할 수 있습니다)"
285,온도와 온도계,"￦20,000 (가격은 판매처 별로 상이할 수 있습니다)"
286,산내울 복분자주,"￦20,000 (가격은 판매처 별로 상이할 수 있습니다)"
287,산내울 사과애주,"￦14,000 (가격은 판매처 별로 상이할 수 있습니다)"
288,산내울 오미자주,"￦20,000(가격은 판매처 별로 상이할 수 있습니다)"
289,산막 생유 막걸리,"￦1,200(가격은 판매처 별로 상이할 수 있습니다.)"
290,크라테 레드와인 드라이,"￦48,000 (가격은 판매처 별로 상이할 수 있습니다)"
291,크라테 로제와인,"￦18,000 (가격은 판매처 별로 상이할 수 있습니다)"
292,크라테 레드와인 스위트,"￦48,000 (가격은 판매처 별로 상이할 수 있습니다)"
293,컨츄리 산머루 와인 (드라이),"￦20,000 (가격은 판매처 별로 상이할 수 있습니다.)"
294,컨츄리 산머루 와인 (스위트),"￦20,000 (가격은 판매처 별로 상이할 수 있습니다.)"
295,명술 375ml,"￦30,000(가격은 판매처 별로 상이할 수 있습니다.)"
296,산정호수 동정춘막걸리,"￦20,000 (가격은 판매처 별로 상이할 수 있습니다)"
297,강원 지역 술,"￦20,000 (가격은 판매처 별로 상이할 수 있습니다)"
298,삼선,"￦15,000 (가격은 판매처 별로 상이할 수 있습니다)"
299,삼양춘 생약주,"￦20,000(가격은 판매처 별로 상이할 수 있습니다.)"
300,삼양춘 생탁주,"￦12,000(가격은 판매처 별로 상이할 수 있습니다.)"
301,삼양춘 청주,"￦16,800 (가격은 판매처 별로 상이할 수 있습니다)"
302,삼해소주가,"￦16,800 (가격은 판매처 별로 상이할 수 있습니다)"
303,여수 쌀막걸리 '정',"￦16,800 (가격은 판매처 별로 상이할 수 있습니다)"
304,생 청주 막걸리,"￦1,500 (가격은 판매처 별로 상이할 수 있습니다.)"
305,창원 생탁주,"￦1,500 (가격은 판매처 별로 상이할 수 있습니다.)"
306,샤토미소 랑,"￦20,000 (가격은 판매처 별로 상이할 수 있습니다)"
307,샤토미소 레드 프리미엄 드라이,"￦40,000 (가격은 판매처 별로 상이할 수 있습니다)"
308,샤토미소 스위트,"￦20,000 (가격은 판매처 별로 상이할 수 있습니다.)"
309,충청 · 대전 지역 술,"￦20,000 (가격은 판매처 별로 상이할 수 있습니다.)"
310,미소 아이스,"￦40,000 (가격은 판매처 별로 상이할 수 있습니다.)"
311,샤토미소 영동,"￦30,000 (가격은 판매처 별로 상이할 수 있습니다)"
312,도란원 샤토미소,"￦30,000 (가격은 판매처 별로 상이할 수 있습니다)"
313,샹스프랑보아즈,"￦150,000(500ml*10병)(가격은 판매처 별로 상이할 수 있습니다)"
314,「서설」,"￦150,000(500ml*10병)(가격은 판매처 별로 상이할 수 있습니다)"
315,서울의 밤,"￦7,500(가격은 판매처 별로 상이할 수 있습니다.)"
316,서주 16%,"￦45,000(400ml*2병)(가격은 판매처 별로 상이할 수 있습니다)"
317,석로주,"￦34,000(가격은 판매처 별로 상이할 수 있습니다.)"
318,석탄주 약주,"￦7,000 (가격은 판매처 별로 상이할 수 있습니다)"
319,석탄주 탁주,"￦6,000 (가격은 판매처 별로 상이할 수 있습니다)"
320,선운산 복분자와인,"￦6,000 (가격은 판매처 별로 상이할 수 있습니다)"
321,선운산 복분자주,"￦25,000(375ml*4병 세트)(가격은 판매처 별로 상이할 수 있습니다)"
322,선운산 복분자주 프리미엄,"￦40,000 (가격은 판매처 별로 상이할 수 있습니다)"
323,선운산의 아침 복분자막걸리,"￦28,000(500ml*12병)(가격은 판매처 별로 상이할 수 있습니다.)"
324,선호 생막걸리,"￦1,700(가격은 판매처 별로 상이할 수 있습니다.)"
325,설궁,가격은 판매처 별로 상이할 수 있습니다.
326,설련주,"￦35,000 (가격은 판매처 별로 상이할 수 있습니다)"
327,설성 만월 막걸리,"￦4,000 (가격은 판매처 별로 상이할 수 있습니다.)"
328,설하담,"￦7,400(950ml), 
                                        ￦3,900(475ml)(가격은 판매처 별로 상이할 수 있습니다)"
329,성포 생막걸리,"￦1,100 (가격은 판매처 별로 상이할 수 있습니다)"
330,세우리,"￦250,000(가격은 판매처 별로 상이할 수 있습니다.)"
331,해미읍성 모과와인,"￦20,000 (가격은 판매처 별로 상이할 수 있습니다)"
332,해미읍성 살구와인,"￦20,000 (가격은 판매처 별로 상이할 수 있습니다)"
333,세종 쌀 막걸리,"￦1,500 (가격은 판매처 별로 상이할 수 있습니다.)"
334,세종 알밤주,"￦1,500 (가격은 판매처 별로 상이할 수 있습니다.)"
335,세종 오가닉,"￦9,000 (가격은 판매처 별로 상이할 수 있습니다.)"
336,세종대왕어주 약주,"￦25,900 (가격은 판매처 별로 상이할 수 있습니다)"
337,세종대왕어주 탁주,"￦16,900 (가격은 판매처 별로 상이할 수 있습니다)"
338,세종생막걸리,"￦16,900 (가격은 판매처 별로 상이할 수 있습니다)"
339,포엠 레드 스위트와인,"￦25,000 (가격은 판매처 별로 상이할 수 있습니다)"
340,소나무와 학,"￦39,000(가격은 판매처 별로 상이할 수 있습니다.)"
341,샤토미소 로제 스위트,"￦20,000 (가격은 판매처 별로 상이할 수 있습니다.)"
342,소양강 생 막걸리,"￦1,200 / ￦1,800 (가격은 판매처 별로 상이할 수 있습니다.)"
343,소여강,"￦1,200 / ￦1,800 (가격은 판매처 별로 상이할 수 있습니다.)"
344,소호,"￦1,200 / ￦1,800 (가격은 판매처 별로 상이할 수 있습니다.)"
345,솔송주,"￦1,200 / ￦1,800 (가격은 판매처 별로 상이할 수 있습니다.)"
346,보은송로주,"￦1,200 / ￦1,800 (가격은 판매처 별로 상이할 수 있습니다.)"
347,송명섭 막걸리,"￦3,000(가격은 판매처 별로 상이할 수 있습니다.)"
348,송이주,"￦12,000(가격은 판매처 별로 상이할 수 있습니다.)"
349,송화백일주,"￦45,000 (가격은 판매처 별로 상이할 수 있습니다)"
350,충청 · 대전 지역 술,"￦45,000 (가격은 판매처 별로 상이할 수 있습니다)"
351,순향주,"￦56,000(375ml*3병)(가격은 판매처 별로 상이할 수 있습니다)"
352,술공방 9.0 생막걸리,"500ml ￦5,000 (가격은 판매처 별로 상이할 수 있습니다)"
353,술그리다 생탁주,"￦9,000(가격은 판매처 별로 상이할 수 있습니다.)"
354,황상의 아버지 황인담에 대한 만사,"￦9,000(가격은 판매처 별로 상이할 수 있습니다.)"
355,젊은달 와이파크,"￦9,000(가격은 판매처 별로 상이할 수 있습니다.)"
356,국화주,"￦9,000(가격은 판매처 별로 상이할 수 있습니다.)"
357,술아 국화주,"￦36,000(375ml*2병)(가격은 판매처 별로 상이할 수 있습니다.)"
358,술아 순곡주,"￦36,000(375ml*2병)(가격은 판매처 별로 상이할 수 있습니다.)"
359,술아 국화주,"￦36,000(375ml*2병)(가격은 판매처 별로 상이할 수 있습니다.)"
360,술아 막걸리,"￦21,000(450ml*3병)(가격은 판매처 별로 상이할 수 있습니다.)"
361,술예쁘다 생탁주,"￦18,000(가격은 판매처 별로 상이할 수 있습니다.)"
362,술취한 원숭이,"￦7,000 (가격은 판매처 별로 상이할 수 있습니다.)"
363,술헤는밤,"￦5,900 (가격은 판매처 별로 상이할 수 있습니다)"
364,스타베리 오디와인,"￦28,000(가격은 판매처 별로 상이할 수 있습니다.)"
365,스파클링 와인,"￦28,000(가격은 판매처 별로 상이할 수 있습니다.)"
366,오미로제 스파클링와인,"￦28,000(가격은 판매처 별로 상이할 수 있습니다.)"
367,시나브로 드 글로리아,"￦25,000 (가격은 판매처 별로 상이할 수 있습니다)"
368,시나브로 레드 드라이,"￦25,000 (가격은 판매처 별로 상이할 수 있습니다)"
369,시나브로 레드 드라이,"￦25,000 (가격은 판매처 별로 상이할 수 있습니다)"
370,시나브로 로제와인,"￦30,000 (가격은 판매처 별로 상이할 수 있습니다)"
371,시나브로 에뚜왈 로제 스파클링,"￦30,000 (가격은 판매처 별로 상이할 수 있습니다)"
372,시나브로 에뚜왈 스파클링와인,"￦30,000 (가격은 판매처 별로 상이할 수 있습니다)"
373,시나브로 화이트와인,"￦30,000 (가격은 판매처 별로 상이할 수 있습니다)"
374,시인의 마을,"￦30,000 (가격은 판매처 별로 상이할 수 있습니다)"
375,"어문, 도서현황","￦30,000 (가격은 판매처 별로 상이할 수 있습니다)"
376,신례명주,"￦99,000 (가격은 판매처 별로 상이할 수 있습니다)"
377,신선주,"￦19,000(가격은 판매처 별로 상이할 수 있습니다.)"
378,대탄 큰바위의 심술,"￦19,000(가격은 판매처 별로 상이할 수 있습니다.)"
379,나루 생막걸리 6%,"￦19,000(가격은 판매처 별로 상이할 수 있습니다.)"
380,인테그린,"￦19,000(가격은 판매처 별로 상이할 수 있습니다.)"
381,태국 드럭스토어 & 마트 쇼핑,"￦19,000(가격은 판매처 별로 상이할 수 있습니다.)"
382,Ahtty,"￦19,000(가격은 판매처 별로 상이할 수 있습니다.)"
383,아우내단오절민속축제,"￦19,000(가격은 판매처 별로 상이할 수 있습니다.)"
384,아이스 카페모카(R),"￦19,000(가격은 판매처 별로 상이할 수 있습니다.)"
385,아이싱 자몽,"CAN ￦1,300, 
                                        BOTTLE ￦5,000(가격은 판매처 별로 상이할 수 있습니다)"
386,아이원 막걸리,"￦1,000(가격은 판매처 별로 상이할 수 있습니다.)"
387,아임더 닥터 프리바이오틱스 정,"￦1,000(가격은 판매처 별로 상이할 수 있습니다.)"
388,아임더 닥터 프리바이오틱스 정,"￦1,000(가격은 판매처 별로 상이할 수 있습니다.)"
389,아황주,"￦23,000(가격은 판매처 별로 상이할 수 있습니다.)"
390,안동소주 일품 17도,"￦12,000(350ml*3병)(가격은 판매처 별로 상이할 수 있습니다.)"
391,안동소주 일품 21도,"￦13,500(350ml*3병)(가격은 판매처 별로 상이할 수 있습니다.)"
392,안동소주 일품 40도 골드,"￦18,000(가격은 판매처 별로 상이할 수 있습니다.)"
393,안양 동동주,"￦1,100 (가격은 판매처 별로 상이할 수 있습니다)"
394,애석,"￦30,000 (가격은 판매처 별로 상이할 수 있습니다)"
395,애피소드 호프,"￦21,000(500ml*6병)(가격은 판매처 별로 상이할 수 있습니다.)"
396,애피소드 애플,"￦21,000(500ml*6병)(가격은 판매처 별로 상이할 수 있습니다.)"
397,애피소드 호프,"￦21,000(500ml*6병)(가격은 판매처 별로 상이할 수 있습니다.)"
398,야관문 쌀 막걸리,"￦1,500(가격은 판매처 별로 상이할 수 있습니다.)"
399,과하백주,"￦1,500(가격은 판매처 별로 상이할 수 있습니다.)"
400,양촌 생 동동주,"￦36,000원 1박스 15개입 (가격은 판매처 별로 상이할 수 있습니다.)"
401,양촌 생 막걸리,"￦30,000원 1박스 20개입 (가격은 판매처 별로 상이할 수 있습니다.)"
402,우렁이쌀 손 막걸리,"￦39,000원 1박스 15개입 (가격은 판매처 별로 상이할 수 있습니다.)"
403,어우야,"￦9,900 (가격은 판매처 별로 상이할 수 있습니다)"
404,얼떨결에 엉겁결에,"￦9,900 (가격은 판매처 별로 상이할 수 있습니다)"
405,파미유카스텔미디움 스위트그르나쉬시라 ,가격정보없음 (판매처별로 가격이 다를 수 있습니다.)
406,전문용어,가격정보없음 (판매처별로 가격이 다를 수 있습니다.)
407,여포의 꿈 (화이트),"￦20,000 (가격은 판매처 별로 상이할 수 있습니다.)"
408,여포의 꿈 레드 (Dry),"￦20,000 (가격은 판매처 별로 상이할 수 있습니다.)"
409,여포의 꿈 레드(SWEET),-
410,연천 아주,"￦6,000 (가격은 판매처 별로 상이할 수 있습니다)"
411,연천 연주,"￦15,000 (가격은 판매처 별로 상이할 수 있습니다)"
412,연천 우주,"￦8,500 (가격은 판매처 별로 상이할 수 있습니다)"
413,영일만친구,"￦8,500 (가격은 판매처 별로 상이할 수 있습니다)"
414,예담은 한산소곡주,"￦12,000(가격은 판매처 별로 상이할 수 있습니다.)"
415,예밀와인 레드 드라이,"￦20,000 (가격은 판매처 별로 상이할 수 있습니다)"
416,예밀와인 레드 스위트,"￦20,000 (가격은 판매처 별로 상이할 수 있습니다)"
417,예밀와인 로제,"￦20,000 (가격은 판매처 별로 상이할 수 있습니다)"
418,예주,"￦29,000(가격은 판매처 별로 상이할 수 있습니다.)"
419,예천주 사월24,"￦22,000 (가격은 판매처 별로 상이할 수 있습니다)"
420,예천주 사월365,"￦29,000 (가격은 판매처 별로 상이할 수 있습니다)"
421,예천주복 만월24,"￦12,800 (가격은 판매처 별로 상이할 수 있습니다)"
422,예천주복 만월40,"￦19,200 (가격은 판매처 별로 상이할 수 있습니다)"
423,예화,"￦10,000(가격은 판매처 별로 상이할 수 있습니다.)"
424,옛날 막걸리 古,"￦2,700원(※ 가격은 판매처 별로 상이할 수 있습니다)"
425,오가피와인,"￦20,000 (가격은 판매처 별로 상이할 수 있습니다)"
426,오곡 진상주,-
427,오디랑,"￦4,000(가격은 판매처 별로 상이할 수 있습니다)"
428,고구마 아락,"￦25,000(가격은 판매처 별로 상이할 수 있습니다.)"
429,울진의 언어,"￦25,000(가격은 판매처 별로 상이할 수 있습니다.)"
430,오매락퍽,"￦52,000(가격은 판매처 별로 상이할 수 있습니다.)"
431,오매락퍽,"￦52,000(가격은 판매처 별로 상이할 수 있습니다.)"
432,오매백주,"￦5,000 (가격은 판매처 별로 상이할 수 있습니다)"
433,오메기 맑은술,"￦25,000(가격은 판매처 별로 상이할 수 있습니다.)"
434,오메기 술,"￦13,000 (가격은 판매처 별로 상이할 수 있습니다.)"
435,오목대,"￦27,000(1000ml*3병)(가격은 판매처 별로 상이할 수 있습니다)"
436,오미로제 스파클링와인,"￦27,000(1000ml*3병)(가격은 판매처 별로 상이할 수 있습니다)"
437,오미로제 연,"50,000원 (판매처별로 가격이 다를 수 있습니다.)"
438,오미로제 프리미어와인,"￦39,000(가격은 판매처 별로 상이할 수 있습니다.)"
439,오미시앙 스페셜,"￦10,000 (가격은 판매처 별로 상이할 수 있습니다.)"
440,오미자 생막걸리,"￦2,500 (가격은 판매처 별로 상이할 수 있습니다.)"
441,오산막걸리,"￦3,000 (가격은 판매처 별로 상이할 수 있습니다)"
442,오크,"￦3,000 (가격은 판매처 별로 상이할 수 있습니다)"
443,오희 스파클링 막걸리,"￦36,000(500ml*2병)(가격은 판매처 별로 상이할 수 있습니다.)"
444,당진막걸리,"￦36,000(500ml*2병)(가격은 판매처 별로 상이할 수 있습니다.)"
445,왕율주,"￦8,000(가격은 판매처 별로 상이할 수 있습니다.)"
446,왕피천을 품은 미소생막걸리,"￦1,200(가격은 판매처 별로 상이할 수 있습니다.)"
447,우곡생주,"￦6,500 (가격은 판매처 별로 상이할 수 있습니다)"
448,부자 우곡주,"￦6,500 (가격은 판매처 별로 상이할 수 있습니다)"
449,우도 땅콩 전통주,"￦4,000 (가격은 판매처 별로 상이할 수 있습니다.)"
450,우도 땅콩 전통주,"￦4,000 (가격은 판매처 별로 상이할 수 있습니다.)"
451,우렁이쌀 손 막걸리,"￦39,000원 1박스 15개입 (가격은 판매처 별로 상이할 수 있습니다.)"
452,우렁이쌀 손 막걸리,"￦39,000원 1박스 15개입 (가격은 판매처 별로 상이할 수 있습니다.)"
453,향수 우리밀 막걸리,"￦7,900(가격은 판매처 별로 상이할 수 있습니다.)"
454,경상 · 대구 · 부산 · 울산 지역 술 ,"￦7,900(가격은 판매처 별로 상이할 수 있습니다.)"
455,원매,"￦7,900(가격은 판매처 별로 상이할 수 있습니다.)"
456,원매,"￦7,900(가격은 판매처 별로 상이할 수 있습니다.)"
457,원매 프리미엄,"￦45,000(가격은 판매처 별로 상이할 수 있습니다.)"
458,원매 프리미엄,"￦45,000(가격은 판매처 별로 상이할 수 있습니다.)"
459,원조 한산소곡주,"￦12,000 (가격은 판매처 별로 상이할 수 있습니다)"
460,월매 쌀막걸리,"￦1,200(가격은 판매처 별로 상이할 수 있습니다.)"
461,"아메리칸 빈티지, 레드와인 2018 ",가격정보없음 (판매처별로 가격이 다를 수 있습니다.)
462,유기농 이도14,"￦20,000 (가격은 판매처 별로 상이할 수 있습니다)"
463,유기농 이도 42,"￦42,000 (가격은 판매처 별로 상이할 수 있습니다.)"
464,유기농 이도14,"￦20,000 (가격은 판매처 별로 상이할 수 있습니다)"
465,고흥 유자밭과 소록도,"￦20,000 (가격은 판매처 별로 상이할 수 있습니다)"
466,윤계연의 형수 유인 신씨의 육십일 세를 축하하는 서 ,"￦20,000 (가격은 판매처 별로 상이할 수 있습니다)"
467,율무 동동주,"￦14,000 (가격은 판매처 별로 상이할 수 있습니다)"
468,은자골 생 탁배기,"￦1,500 (가격은 판매처 별로 상이할 수 있습니다.)"
469,이담,"￦1,500 (가격은 판매처 별로 상이할 수 있습니다.)"
470,이동 생 쌀 막걸리,"￦1,300 (가격은 판매처 별로 상이할 수 있습니다.)"
471,이상헌 탁주,"￦25,000 (가격은 판매처 별로 상이할 수 있습니다)"
472,이상헌 약주,"￦45,000 (가격은 판매처 별로 상이할 수 있습니다)"
473,세종 생막걸리,"￦45,000 (가격은 판매처 별로 상이할 수 있습니다)"
474,이화백주,"￦12,000(가격은 판매처 별로 상이할 수 있습니다.)"
475,이화주,"￦12,000(가격은 판매처 별로 상이할 수 있습니다.)"
476,수원에서 완성한 #닭스타그램,"￦12,000(가격은 판매처 별로 상이할 수 있습니다.)"
477,배꽃담은 연 생막걸리,"￦20,000 (가격은 판매처 별로 상이할 수 있습니다)"
478,인천 생 소성주,"￦1,200 (가격은 판매처 별로 상이할 수 있습니다.)"
479,일엽편주,"￦1,200 (가격은 판매처 별로 상이할 수 있습니다.)"
480,일엽편주,"￦1,200 (가격은 판매처 별로 상이할 수 있습니다.)"
481,일엽편주,"￦1,200 (가격은 판매처 별로 상이할 수 있습니다.)"
482,봄을 알리는 매화,"￦1,200 (가격은 판매처 별로 상이할 수 있습니다.)"
483,입술,"￦1,200 (가격은 판매처 별로 상이할 수 있습니다.)"
484,입장탁주,"￦1,200(가격은 판매처 별로 상이할 수 있습니다.)"
485,자두와인,"￦1,200(가격은 판매처 별로 상이할 수 있습니다.)"
486,자연담은 복분자막걸리,"￦56,000(360ml*20병)(가격은 판매처 별로 상이할 수 있습니다.)"
487,자연송이주,가격은 판매처 별로 상이할 수 있습니다.
488,자희향,"￦16,000 (가격은 판매처 별로 상이할 수 있습니다.)"
489,자희향 국화주,"￦20,000 (가격은 판매처 별로 상이할 수 있습니다.)"
490,자희향 나비,"￦8,000 (가격은 판매처 별로 상이할 수 있습니다.)"
491,장수 생 막걸리,"￦1,200(가격은 판매처 별로 상이할 수 있습니다.)"
492,장수 오미자주,"￦5,400 (가격은 판매처 별로 상이할 수 있습니다)"
493,장홍삼 장수 막걸리,"￦2,000(가격은 판매처 별로 상이할 수 있습니다.)"
494,정고집 나주배 약주 15%,"￦20,000 (가격은 판매처 별로 상이할 수 있습니다)"
495,정고집 나주배 약주 9%,"￦18,000 (가격은 판매처 별로 상이할 수 있습니다)"
496,제주 도련동 귤나무류,"￦18,000 (가격은 판매처 별로 상이할 수 있습니다)"
497,"낭만 제주에 가을 감성 더하기, 제주 책방 여행 ","￦18,000 (가격은 판매처 별로 상이할 수 있습니다)"
498,"제주를 마셔요, 서남권 카페 여행","￦18,000 (가격은 판매처 별로 상이할 수 있습니다)"
499,제주 지역 술,"￦18,000 (가격은 판매처 별로 상이할 수 있습니다)"
500,젤코바 스페셜와인,"375ml ￦17,000, 
                                        500ml ￦25,000, 
                                        750ml ￦36,000 (가격은 판매처 별로 상이할 수 있습니다)"
501,젤코바 캠벨와인,"￦62,500 (가격은 판매처 별로 상이할 수 있습니다)"
502,젤코바 프리미엄와인,"500ml ￦33,000, 
                                        750ml ￦50,000 (가격은 판매처 별로 상이할 수 있습니다)"
503,조선주조사,"300ml ￦4,000, 
                                        700ml ￦9,000 (가격은 판매처 별로 상이할 수 있습니다)"
504,주몽 복분자주,"￦5,000(가격은 판매처 별로 상이할 수 있습니다.)"
505,주산지 막걸리,"￦1,200 (가격은 판매처 별로 상이할 수 있습니다)"
506,회연서원,"￦1,200 (가격은 판매처 별로 상이할 수 있습니다)"
507,네이멍구자치구,"￦1,200 (가격은 판매처 별로 상이할 수 있습니다)"
508,죽력고,"￦60,000(가격은 판매처 별로 상이할 수 있습니다.)"
509,죽향 생막걸리,"￦2,000 (가격은 판매처 별로 상이할 수 있습니다)"
510,옥천군,"￦2,000 (가격은 판매처 별로 상이할 수 있습니다)"
511,줄포 생 막걸리,"￦1,200(가격은 판매처 별로 상이할 수 있습니다.)"
512,지란지교,"￦1,200(가격은 판매처 별로 상이할 수 있습니다.)"
513,술의 부재료,"￦1,200(가격은 판매처 별로 상이할 수 있습니다.)"
514,강쇠,"￦2,500(가격은 판매처 별로 상이할 수 있습니다.)"
515,지리산 정담 생쌀 막걸리,"￦1,500(가격은 판매처 별로 상이할 수 있습니다.)"
516,지리산 허브잎 술,"￦1,500(가격은 판매처 별로 상이할 수 있습니다.)"
517,지장수 호박 생 막걸리,"￦1,400 (가격은 판매처 별로 상이할 수 있습니다.)"
518,지장수 호박 막걸리,"￦5,000 (가격은 판매처 별로 상이할 수 있습니다.)"
519,지평 생 쌀막걸리 (700ml),"￦1,650 (가격은 판매처 별로 상이할 수 있습니다.)"
520,지평 생 옛막걸리,"￦2,500 (가격은 판매처 별로 상이할 수 있습니다.)"
521,진도홍주 루비콘,"￦10,000(가격은 판매처 별로 상이할 수 있습니다.)"
522,진도홍주 루비콘,"￦10,000(가격은 판매처 별로 상이할 수 있습니다.)"
523,진도 홍주,"￦10,000(가격은 판매처 별로 상이할 수 있습니다.)"
524,진맥소주,"￦10,000(가격은 판매처 별로 상이할 수 있습니다.)"
525,진맥소주 22%,"￦22,000 (가격은 판매처 별로 상이할 수 있습니다)"
526,진심 홍삼 인삼주,"￦22,000 (가격은 판매처 별로 상이할 수 있습니다)"
527,진쾌남,"￦8,500(가격은 판매처 별로 상이할 수 있습니다.)"
528,칭기즈칸,"￦8,500(가격은 판매처 별로 상이할 수 있습니다.)"
529,참동이 허브잎 술,"￦8,500(가격은 판매처 별로 상이할 수 있습니다.)"
530,해창 생 막걸리 12도,"￦10,000 (가격은 판매처 별로 상이할 수 있습니다.)"
531,해창 생막걸리 9도,"￦6,000 (가격은 판매처 별로 상이할 수 있습니다.)"
532,천마 이야기 막걸리,"￦1,500(가격은 판매처 별로 상이할 수 있습니다.)"
533,천매,"￦130,000(가격은 판매처 별로 상이할 수 있습니다.)"
534,천비향 오양주 약주,"￦40,000(가격은 판매처 별로 상이할 수 있습니다.)"
535,천비향 오양주 탁주,"￦18,000(가격은 판매처 별로 상이할 수 있습니다.)"
536,천비향 화주,"￦50,000(가격은 판매처 별로 상이할 수 있습니다.)"
537,천안 연미주,"￦5,000(가격은 판매처 별로 상이할 수 있습니다.)"
538,청명주 500,"￦23,000(가격은 판매처 별로 상이할 수 있습니다.)"
539,청명주 750,"￦36,000(가격은 판매처 별로 상이할 수 있습니다.)"
540,청세주,"￦4,000 (가격은 판매처 별로 상이할 수 있습니다.)"
541,청양 둔송 구기주,"￦23,000(700ml*2병)(가격은 판매처 별로 상이할 수 있습니다.)"
542,청주 신선주,"￦23,000(700ml*2병)(가격은 판매처 별로 상이할 수 있습니다.)"
543,청진주,"￦30,000(가격은 판매처 별로 상이할 수 있습니다.)"
544,주정강화 와인의 제작,"￦30,000(가격은 판매처 별로 상이할 수 있습니다.)"
545,초선의 꿈 (로제),"￦20,000 (가격은 판매처 별로 상이할 수 있습니다.)"
546,추사 로제,"￦20,000(가격은 판매처 별로 상이할 수 있습니다.)"
547,추사블루,"￦20,000(가격은 판매처 별로 상이할 수 있습니다.)"
548,추사 애플와인,"￦20,000(가격은 판매처 별로 상이할 수 있습니다.)"
549,추사40,"￦60,000(가격은 판매처 별로 상이할 수 있습니다.)"
550,노고산 독재동 추사 필적 암각문,"￦60,000(가격은 판매처 별로 상이할 수 있습니다.)"
551,황금보리소주40,"￦78,500(375ml*5병)(가격은 판매처 별로 상이할 수 있습니다)"
552,추성주,"￦78,500(375ml*5병)(가격은 판매처 별로 상이할 수 있습니다)"
553,와인 아로마 - 커피,"￦78,500(375ml*5병)(가격은 판매처 별로 상이할 수 있습니다)"
554,"코이버펑크, 머스캣 베일리 에이 2017 ",가격정보없음 (판매처별로 가격이 다를 수 있습니다.)
555,"코이버펑크, 샤르도네 세미용 2018 ",가격정보없음 (판매처별로 가격이 다를 수 있습니다.)
556,컬트 카베르네 소비뇽 2019,가격정보없음 (판매처별로 가격이 다를 수 있습니다.)
557,쿨샷7.5,"￦60,000(300ml*20병)(가격은 판매처 별로 상이할 수 있습니다.)"
558,40주년,"￦60,000(300ml*20병)(가격은 판매처 별로 상이할 수 있습니다.)"
559,타미앙스,"￦50,000 (가격은 판매처 별로 상이할 수 있습니다.)"
560,"환경과 경제, 두 마리 토끼를 잡는 ‘빈용기보증금제도’ ","￦50,000 (가격은 판매처 별로 상이할 수 있습니다.)"
561,톡 한잔 소주,"￦10,000(가격은 판매처 별로 상이할 수 있습니다.)"
562,톡 쏘는 알밤동동,"￦1,300 (가격은 판매처 별로 상이할 수 있습니다.)"
563,톡쏘는 쌀막걸리,"￦1,300 (가격은 판매처 별로 상이할 수 있습니다.)"
564,톡 쏘는 알밤동동,"￦1,300 (가격은 판매처 별로 상이할 수 있습니다.)"
565,톡 쏘는 알밤동동,"￦1,300 (가격은 판매처 별로 상이할 수 있습니다.)"
566,티나(TINA),"￦54,000 (가격은 판매처 별로 상이할 수 있습니다)"
567,성포 생막걸리,"￦1,100 (가격은 판매처 별로 상이할 수 있습니다)"
568,기주떡,"￦1,100 (가격은 판매처 별로 상이할 수 있습니다)"
569,편백숲 산소막걸리,"￦1,900 (가격은 판매처 별로 상이할 수 있습니다)"
570,편백숲 산소막걸리 딸기스파클링,"￦41,000 (가격은 판매처 별로 상이할 수 있습니다)"
571,편백숲 산소막걸리 순수령,"￦4,000 (가격은 판매처 별로 상이할 수 있습니다)"
572,편백숲 산소막걸리 딸기스파클링,"￦41,000 (가격은 판매처 별로 상이할 수 있습니다)"
573,포엠 화이트와인,"￦35,000 (가격은 판매처 별로 상이할 수 있습니다)"
574,포엠 화이트와인,"￦35,000 (가격은 판매처 별로 상이할 수 있습니다)"
575,청송 불로주,"￦35,000 (가격은 판매처 별로 상이할 수 있습니다)"
576,풍정사계 동(冬),"￦25,000(25%), 
                                        ￦35,000(42%)(가격은 판매처 별로 상이할 수 있습니다.)"
577,풍정사계 추(秋),"￦15,000(가격은 판매처 별로 상이할 수 있습니다.)"
578,풍정사계 춘(春),"￦30,000(가격은 판매처 별로 상이할 수 있습니다.)"
579,한스오차드 사과와인,"￦20,000(가격은 판매처 별로 상이할 수 있습니다.)"
580,필,"￦20,000(가격은 판매처 별로 상이할 수 있습니다.)"
581,필,"￦20,000(가격은 판매처 별로 상이할 수 있습니다.)"
582,하얀 까마귀,"￦20,000(가격은 판매처 별로 상이할 수 있습니다.)"
583,생 하얀연꽃 백련 막걸리,"￦20,000(가격은 판매처 별로 상이할 수 있습니다.)"
584,백련 맑은술,"￦7,000 (가격은 판매처 별로 상이할 수 있습니다.)"
585,생 하얀연꽃 백련 막걸리,"￦7,000 (가격은 판매처 별로 상이할 수 있습니다.)"
586,하향주(양주방 외),"￦7,000 (가격은 판매처 별로 상이할 수 있습니다.)"
587,한비 동충하초술,"￦30,000(375ml), ￦50,000(750ml)(가격은 판매처 별로 상이할 수 있습니다.)"
588,한비 무병장수술,"￦30,000(375ml), ￦50,000(750ml)(가격은 판매처 별로 상이할 수 있습니다.)"
589,한비 쌀소주,"￦30,000(375ml), ￦40,000(750ml)(가격은 판매처 별로 상이할 수 있습니다.)"
590,한비 오가피술,"￦30,000(375ml), ￦50,000(750ml)(가격은 판매처 별로 상이할 수 있습니다.)"
591,한비 오가피술,"￦30,000(375ml), ￦50,000(750ml)(가격은 판매처 별로 상이할 수 있습니다.)"
592,예담은 한산소곡화주,"￦30,000(가격은 판매처 별로 상이할 수 있습니다.)"
593,한산소곡주 360ml,"￦6,500 (가격은 판매처 별로 상이할 수 있습니다.)"
594,예담은 한산소곡화주,"￦30,000(가격은 판매처 별로 상이할 수 있습니다.)"
595,한스오차드 사과와인,"￦20,000(가격은 판매처 별로 상이할 수 있습니다.)"
596,한주,"￦12,000(가격은 판매처 별로 상이할 수 있습니다.)"
597,해남 진양주,"￦12,000(가격은 판매처 별로 상이할 수 있습니다.)"
598,해방주 38%,"￦45,000(800ml38%)(가격은 판매처 별로 상이할 수 있습니다)"
599,해창 생막걸리 9도,"￦6,000 (가격은 판매처 별로 상이할 수 있습니다.)"
600,생 행운 동동주,"￦6,000 (가격은 판매처 별로 상이할 수 있습니다.)"
601,허니문,"￦6,000 (가격은 판매처 별로 상이할 수 있습니다.)"
602,"강지영, 허니비","￦6,000 (가격은 판매처 별로 상이할 수 있습니다.)"
603,헤베,"￦6,000 (가격은 판매처 별로 상이할 수 있습니다.)"
604,호담 300ml,"￦18,000(가격은 판매처 별로 상이할 수 있습니다.)"
605,호담 산양산삼 막걸리,"￦16,000(750ml*9병)(가격은 판매처 별로 상이할 수 있습니다.)"
606,잣막걸리,"￦16,000(750ml*9병)(가격은 판매처 별로 상이할 수 있습니다.)"
607,호랑이 생 막걸리,"￦2,200 (가격은 판매처 별로 상이할 수 있습니다.)"
608,"선사시대와 우주세계가 이웃하는 곳, 고흥 시호도&외나로도 ","￦2,200 (가격은 판매처 별로 상이할 수 있습니다.)"
609,호모 루덴스,"￦2,200 (가격은 판매처 별로 상이할 수 있습니다.)"
610,혼,"￦2,200 (가격은 판매처 별로 상이할 수 있습니다.)"
611,혼디주,"￦8,000 (가격은 판매처 별로 상이할 수 있습니다)"
612,홍삼명주 375ml,"￦12,000 (가격은 판매처 별로 상이할 수 있습니다.)"
613,감그린 아이스와인,"￦89,000(가격은 판매처 별로 상이할 수 있습니다.)"
614,홍천강 탁주,"￦10,000 (가격은 판매처 별로 상이할 수 있습니다.)"
615,화주,"￦13,000(가격은 판매처 별로 상이할 수 있습니다.)"
616,황진이주,"￦13,000(가격은 판매처 별로 상이할 수 있습니다.)"
617,희양산막걸리 9%,"￦8,000 (가격은 판매처 별로 상이할 수 있습니다)"
618,희양산막걸리 9%,"￦8,000 (가격은 판매처 별로 상이할 수 있습니다)"
